whaleID,Image
whale_00195,"w_6326.jpg,w_2753.jpg,w_676.jpg,w_6929.jpg,w_5270.jpg,w_2954.jpg,w_3736.jpg,w_5555.jpg,w_9206.jpg,w_7864.jpg,w_3733.jpg,w_821.jpg,w_8913.jpg,w_9186.jpg"
whale_00442,"w_9183.jpg,w_9472.jpg,w_7552.jpg"
whale_02411,"w_2577.jpg,w_8290.jpg,w_9286.jpg,w_5249.jpg,w_5257.jpg,w_5819.jpg,w_4019.jpg,w_3535.jpg,w_1781.jpg,w_3640.jpg,w_3781.jpg,w_6531.jpg"
whale_02608,"w_6600.jpg,w_1582.jpg,w_6727.jpg,w_7609.jpg,w_8152.jpg,w_6367.jpg,w_7832.jpg"
whale_02839,"w_4678.jpg,w_8069.jpg"
whale_03103,"w_8706.jpg,w_6516.jpg"
whale_03227,"w_6695.jpg,w_1651.jpg,w_4249.jpg,w_9263.jpg,w_2236.jpg,w_443.jpg,w_7086.jpg,w_806.jpg,w_1669.jpg,w_499.jpg,w_1547.jpg,w_3668.jpg,w_6906.jpg,w_8524.jpg,w_46.jpg,w_1857.jpg,w_3401.jpg,w_6417.jpg,w_7701.jpg,w_8213.jpg,w_8335.jpg"
whale_03623,"w_1617.jpg,w_9233.jpg,w_8785.jpg,w_4560.jpg,w_7524.jpg,w_3673.jpg,w_8914.jpg,w_215.jpg,w_3402.jpg"
whale_03728,"w_906.jpg,w_9036.jpg,w_5622.jpg,w_2572.jpg,w_881.jpg,w_280.jpg"
whale_03935,"w_3236.jpg,w_2222.jpg,w_7221.jpg,w_3359.jpg,w_6385.jpg,w_4976.jpg,w_4572.jpg,w_5620.jpg"
whale_03990,"w_2987.jpg,w_4591.jpg,w_8780.jpg"
whale_04373,"w_3080.jpg,w_4395.jpg,w_1203.jpg,w_3288.jpg,w_3822.jpg,w_6632.jpg"
whale_04397,"w_5453.jpg,w_9315.jpg,w_7621.jpg,w_8830.jpg,w_8855.jpg,w_8098.jpg,w_2244.jpg,w_1368.jpg,w_2560.jpg,w_4800.jpg"
whale_04435,"w_5437.jpg,w_4557.jpg,w_6270.jpg,w_535.jpg,w_8747.jpg,w_7499.jpg,w_1156.jpg,w_2059.jpg,w_8204.jpg"
whale_04480,w_1067.jpg
whale_04540,"w_314.jpg,w_3417.jpg,w_4836.jpg,w_5545.jpg,w_7273.jpg,w_7440.jpg,w_4986.jpg"
whale_05140,w_3576.jpg
whale_05349,"w_5892.jpg,w_4088.jpg,w_3202.jpg,w_5950.jpg,w_3591.jpg,w_8905.jpg,w_7078.jpg,w_6403.jpg,w_7169.jpg,w_9251.jpg,w_4268.jpg,w_7325.jpg,w_1271.jpg,w_3548.jpg,w_3149.jpg"
whale_05487,"w_4071.jpg,w_7636.jpg,w_2947.jpg"
whale_05661,"w_9015.jpg,w_5785.jpg,w_485.jpg,w_7137.jpg,w_3327.jpg,w_6643.jpg,w_6215.jpg,w_966.jpg,w_2123.jpg,w_7423.jpg,w_1163.jpg,w_7424.jpg,w_8343.jpg,w_445.jpg,w_5922.jpg"
whale_05784,"w_8280.jpg,w_97.jpg,w_993.jpg,w_9115.jpg,w_8809.jpg,w_2491.jpg,w_2026.jpg,w_1379.jpg,w_1369.jpg,w_947.jpg,w_3603.jpg"
whale_06069,"w_3909.jpg,w_8923.jpg,w_5714.jpg,w_3509.jpg,w_7640.jpg,w_8184.jpg,w_2226.jpg,w_4290.jpg,w_8610.jpg,w_6876.jpg,w_6597.jpg,w_8275.jpg,w_7022.jpg,w_9382.jpg,w_4995.jpg"
whale_06334,"w_8377.jpg,w_2525.jpg,w_7654.jpg,w_4255.jpg,w_1504.jpg,w_6413.jpg,w_441.jpg,w_9415.jpg,w_8779.jpg,w_5728.jpg"
whale_06339,"w_2185.jpg,w_1280.jpg,w_840.jpg,w_6453.jpg,w_6625.jpg,w_4553.jpg,w_1984.jpg,w_2874.jpg,w_8722.jpg,w_2547.jpg,w_1954.jpg,w_120.jpg,w_1257.jpg,w_3490.jpg,w_630.jpg,w_7724.jpg,w_5133.jpg,w_856.jpg,w_71.jpg,w_7318.jpg"
whale_06967,"w_9072.jpg,w_8005.jpg,w_9061.jpg,w_6247.jpg,w_3224.jpg,w_8030.jpg,w_1255.jpg,w_3601.jpg,w_2369.jpg,w_741.jpg,w_1515.jpg,w_3286.jpg,w_5218.jpg,w_8683.jpg,w_9403.jpg"
whale_06997,"w_6782.jpg,w_6374.jpg,w_3933.jpg,w_6920.jpg,w_6043.jpg,w_1490.jpg"
whale_07331,"w_998.jpg,w_5454.jpg"
whale_07483,"w_3508.jpg,w_669.jpg"
whale_07647,"w_6753.jpg,w_5687.jpg,w_3260.jpg,w_465.jpg,w_2412.jpg,w_8245.jpg,w_1845.jpg,w_1565.jpg,w_4037.jpg,w_4010.jpg,w_4471.jpg,w_4761.jpg"
whale_07808,"w_7316.jpg,w_946.jpg,w_1212.jpg,w_4419.jpg,w_4943.jpg,w_4907.jpg,w_3699.jpg"
whale_07863,"w_6731.jpg,w_1233.jpg,w_5099.jpg,w_8838.jpg,w_7981.jpg,w_8215.jpg,w_8257.jpg,w_5417.jpg,w_5614.jpg"
whale_08017,"w_1194.jpg,w_8153.jpg,w_3776.jpg,w_8770.jpg,w_7014.jpg,w_3427.jpg,w_8276.jpg,w_7175.jpg,w_2209.jpg,w_3097.jpg,w_6873.jpg,w_1106.jpg,w_4879.jpg,w_2794.jpg,w_6177.jpg,w_7923.jpg,w_6676.jpg,w_1475.jpg,w_4401.jpg,w_6742.jpg,w_2631.jpg,w_7412.jpg,w_7133.jpg,w_9194.jpg"
whale_08181,"w_8357.jpg,w_2861.jpg,w_1265.jpg,w_5668.jpg,w_3060.jpg,w_4229.jpg,w_9155.jpg,w_67.jpg,w_4973.jpg,w_6040.jpg,w_903.jpg,w_4230.jpg,w_7251.jpg,w_6777.jpg,w_2295.jpg,w_3600.jpg"
whale_08324,"w_1170.jpg,w_5325.jpg,w_190.jpg,w_2775.jpg,w_9361.jpg,w_5753.jpg,w_2293.jpg,w_3503.jpg,w_4089.jpg,w_4712.jpg,w_6815.jpg,w_7130.jpg"
whale_08439,"w_3392.jpg,w_6859.jpg,w_1459.jpg,w_1589.jpg,w_818.jpg,w_1558.jpg,w_3303.jpg,w_9228.jpg,w_8778.jpg,w_8505.jpg,w_1053.jpg,w_3555.jpg,w_1487.jpg"
whale_08637,"w_4989.jpg,w_8748.jpg,w_3863.jpg,w_1132.jpg,w_434.jpg,w_5413.jpg,w_5519.jpg,w_1747.jpg,w_7104.jpg"
whale_08700,"w_4650.jpg,w_8952.jpg,w_3299.jpg,w_9260.jpg,w_7506.jpg,w_9149.jpg,w_870.jpg,w_4147.jpg,w_686.jpg,w_3592.jpg,w_7259.jpg"
whale_08729,w_5252.jpg
whale_08923,"w_6094.jpg,w_3468.jpg,w_7750.jpg,w_6538.jpg,w_2891.jpg,w_5826.jpg,w_7207.jpg,w_7293.jpg,w_6347.jpg,w_3371.jpg,w_2297.jpg,w_6152.jpg,w_1314.jpg,w_2781.jpg,w_4939.jpg"
whale_09062,"w_4050.jpg,w_523.jpg,w_3118.jpg,w_1579.jpg"
whale_09181,"w_6015.jpg,w_2680.jpg,w_7993.jpg,w_866.jpg,w_8031.jpg,w_8274.jpg,w_3186.jpg,w_7505.jpg,w_9037.jpg,w_1742.jpg,w_1783.jpg,w_1405.jpg,w_5595.jpg"
whale_09422,"w_3227.jpg,w_2534.jpg"
whale_09454,"w_6759.jpg,w_4223.jpg,w_21.jpg,w_2564.jpg,w_2323.jpg,w_9203.jpg,w_4424.jpg,w_4634.jpg,w_1622.jpg,w_4106.jpg,w_8592.jpg"
whale_09651,"w_6181.jpg,w_8934.jpg,w_6764.jpg,w_408.jpg,w_5376.jpg,w_1329.jpg,w_59.jpg,w_1091.jpg,w_5678.jpg,w_1350.jpg,w_7477.jpg,w_5095.jpg,w_4346.jpg,w_7886.jpg,w_262.jpg,w_359.jpg,w_1765.jpg,w_4150.jpg,w_5676.jpg,w_9399.jpg"
whale_09913,"w_4598.jpg,w_3100.jpg,w_2401.jpg,w_8867.jpg"
whale_10005,"w_1604.jpg,w_74.jpg,w_9095.jpg,w_7859.jpg,w_4273.jpg,w_7633.jpg,w_8413.jpg,w_1085.jpg,w_2823.jpg"
whale_10021,"w_6423.jpg,w_1337.jpg,w_6499.jpg,w_6983.jpg,w_5470.jpg,w_1246.jpg,w_5559.jpg,w_9279.jpg,w_9066.jpg"
whale_10583,"w_1537.jpg,w_907.jpg,w_2666.jpg,w_5113.jpg,w_3956.jpg,w_6058.jpg,w_1316.jpg,w_2385.jpg,w_4680.jpg,w_5136.jpg"
whale_10977,"w_9376.jpg,w_2301.jpg,w_8976.jpg,w_3188.jpg,w_4922.jpg,w_4196.jpg,w_3185.jpg,w_9369.jpg,w_3757.jpg,w_2007.jpg,w_6907.jpg,w_4119.jpg"
whale_11076,"w_5312.jpg,w_3237.jpg,w_6141.jpg,w_199.jpg,w_6346.jpg,w_3831.jpg,w_4403.jpg,w_4153.jpg,w_6452.jpg,w_6713.jpg,w_4171.jpg,w_3006.jpg,w_9083.jpg,w_4721.jpg,w_333.jpg,w_5995.jpg,w_654.jpg,w_5505.jpg,w_8843.jpg,w_9381.jpg"
whale_11099,"w_8061.jpg,w_2450.jpg,w_5616.jpg,w_5688.jpg,w_6252.jpg,w_7731.jpg,w_5512.jpg,w_7987.jpg,w_7628.jpg,w_3653.jpg,w_5304.jpg,w_3538.jpg,w_7627.jpg"
whale_11242,"w_4522.jpg,w_5859.jpg,w_6504.jpg,w_3492.jpg,w_8044.jpg,w_990.jpg,w_1070.jpg,w_8928.jpg,w_7406.jpg,w_137.jpg,w_1358.jpg,w_8973.jpg,w_7226.jpg,w_2890.jpg,w_3123.jpg,w_7946.jpg,w_7631.jpg,w_367.jpg,w_7844.jpg,w_5170.jpg"
whale_11555,"w_8141.jpg,w_1093.jpg,w_5293.jpg,w_6626.jpg,w_5332.jpg,w_5094.jpg,w_2340.jpg,w_9359.jpg,w_5853.jpg,w_5547.jpg,w_5131.jpg,w_7973.jpg,w_7099.jpg,w_2773.jpg"
whale_11625,"w_4851.jpg,w_1949.jpg,w_4527.jpg,w_5904.jpg,w_2510.jpg,w_7182.jpg"
whale_11708,"w_8756.jpg,w_8662.jpg,w_5458.jpg,w_4156.jpg"
whale_12074,"w_4328.jpg,w_9099.jpg,w_1802.jpg,w_1073.jpg,w_43.jpg,w_1629.jpg,w_6306.jpg,w_3052.jpg,w_1041.jpg,w_551.jpg,w_4413.jpg,w_996.jpg,w_5264.jpg"
whale_12085,"w_5801.jpg,w_1426.jpg,w_7650.jpg,w_753.jpg,w_6928.jpg,w_2290.jpg"
whale_12609,"w_4179.jpg,w_7663.jpg,w_258.jpg,w_7933.jpg,w_2569.jpg,w_4418.jpg,w_3456.jpg,w_7841.jpg"
whale_12661,"w_4655.jpg,w_734.jpg,w_9409.jpg,w_5891.jpg,w_4051.jpg"
whale_12820,"w_6801.jpg,w_4984.jpg,w_9372.jpg,w_8643.jpg,w_2729.jpg,w_8466.jpg,w_2208.jpg,w_5941.jpg,w_5055.jpg,w_4023.jpg,w_1871.jpg,w_3360.jpg,w_9211.jpg"
whale_13288,"w_9396.jpg,w_4421.jpg,w_8019.jpg,w_927.jpg,w_2783.jpg,w_4720.jpg,w_9268.jpg,w_583.jpg,w_3338.jpg,w_8767.jpg,w_8890.jpg,w_5154.jpg,w_7181.jpg"
whale_13701,"w_830.jpg,w_7912.jpg"
whale_13789,"w_6434.jpg,w_8848.jpg,w_6839.jpg,w_886.jpg,w_3358.jpg,w_8626.jpg,w_545.jpg,w_6088.jpg,w_7076.jpg,w_1361.jpg,w_1804.jpg,w_1549.jpg,w_1427.jpg,w_4701.jpg,w_4451.jpg,w_8180.jpg,w_7255.jpg"
whale_13863,"w_9088.jpg,w_3745.jpg,w_9417.jpg,w_8982.jpg,w_3741.jpg"
whale_14094,"w_3711.jpg,w_9346.jpg,w_4477.jpg,w_2210.jpg"
whale_14270,"w_5485.jpg,w_2613.jpg,w_7854.jpg,w_5428.jpg,w_5987.jpg,w_5009.jpg,w_3289.jpg,w_1151.jpg,w_7100.jpg,w_483.jpg,w_8590.jpg,w_8700.jpg"
whale_14626,"w_8915.jpg,w_7970.jpg"
whale_14892,"w_798.jpg,w_3925.jpg,w_5105.jpg,w_574.jpg,w_1509.jpg,w_3967.jpg"
whale_15078,"w_1541.jpg,w_2594.jpg,w_8950.jpg,w_1229.jpg,w_2174.jpg,w_5954.jpg,w_7996.jpg"
whale_15079,"w_7622.jpg,w_7.jpg,w_7672.jpg,w_6376.jpg,w_706.jpg,w_965.jpg,w_1084.jpg"
whale_15434,"w_2907.jpg,w_5873.jpg,w_1961.jpg,w_1448.jpg,w_932.jpg,w_3672.jpg"
whale_15519,"w_5207.jpg,w_582.jpg,w_2749.jpg,w_8138.jpg,w_9081.jpg,w_4994.jpg"
whale_15615,"w_2911.jpg,w_8310.jpg,w_4432.jpg,w_6265.jpg,w_7784.jpg,w_9144.jpg,w_7150.jpg,w_2115.jpg,w_7989.jpg,w_8938.jpg"
whale_16406,"w_1446.jpg,w_7786.jpg,w_1046.jpg,w_4816.jpg,w_5639.jpg,w_7196.jpg,w_9118.jpg,w_9398.jpg"
whale_16576,"w_6281.jpg,w_8961.jpg"
whale_16738,"w_9406.jpg,w_6763.jpg,w_1774.jpg,w_3039.jpg,w_4508.jpg"
whale_16762,"w_2229.jpg,w_1240.jpg"
whale_17327,"w_3348.jpg,w_5404.jpg"
whale_17528,"w_9294.jpg,w_8386.jpg,w_6062.jpg,w_6497.jpg,w_5494.jpg,w_1513.jpg,w_4272.jpg,w_7077.jpg,w_7275.jpg,w_7458.jpg,w_8395.jpg,w_9397.jpg"
whale_17601,"w_657.jpg,w_4832.jpg,w_6789.jpg,w_3931.jpg,w_355.jpg,w_400.jpg,w_4406.jpg,w_9390.jpg,w_572.jpg,w_4839.jpg,w_5522.jpg,w_7266.jpg,w_6833.jpg,w_4032.jpg"
whale_17604,"w_4236.jpg,w_1856.jpg,w_4025.jpg,w_742.jpg,w_4576.jpg,w_6574.jpg,w_4960.jpg,w_8126.jpg,w_3796.jpg,w_8561.jpg,w_5466.jpg,w_1097.jpg,w_4361.jpg,w_6187.jpg,w_9175.jpg,w_6795.jpg,w_8801.jpg,w_3155.jpg,w_3092.jpg,w_6799.jpg,w_3748.jpg"
whale_17785,"w_3339.jpg,w_1277.jpg,w_991.jpg,w_6725.jpg,w_8769.jpg,w_3957.jpg,w_6032.jpg,w_6193.jpg,w_9287.jpg,w_2892.jpg,w_9452.jpg,w_6957.jpg,w_2683.jpg,w_3265.jpg,w_638.jpg,w_8125.jpg,w_8358.jpg,w_8016.jpg,w_3513.jpg"
whale_18158,"w_3691.jpg,w_519.jpg,w_7321.jpg,w_3997.jpg,w_2000.jpg,w_5876.jpg,w_558.jpg,w_8239.jpg,w_7577.jpg,w_6863.jpg,w_2300.jpg,w_6291.jpg,w_6151.jpg,w_6808.jpg,w_7141.jpg"
whale_18845,"w_2880.jpg,w_8863.jpg,w_2970.jpg,w_8917.jpg,w_8587.jpg,w_8029.jpg,w_1121.jpg"
whale_18989,"w_9126.jpg,w_1736.jpg,w_9391.jpg,w_4660.jpg,w_491.jpg,w_943.jpg,w_4190.jpg,w_7635.jpg,w_7471.jpg,w_7697.jpg,w_5214.jpg,w_3802.jpg"
whale_19027,"w_6548.jpg,w_8532.jpg,w_8010.jpg,w_3435.jpg,w_7195.jpg,w_8424.jpg,w_1011.jpg,w_7504.jpg,w_8172.jpg,w_3108.jpg,w_2099.jpg,w_8864.jpg"
whale_19041,"w_6336.jpg,w_9442.jpg,w_8577.jpg,w_4954.jpg,w_6236.jpg,w_4362.jpg,w_1885.jpg,w_3378.jpg,w_718.jpg,w_5268.jpg,w_4830.jpg,w_1586.jpg,w_1835.jpg,w_2639.jpg"
whale_19906,"w_3326.jpg,w_4581.jpg,w_2263.jpg,w_5182.jpg,w_2863.jpg,w_3255.jpg,w_5497.jpg,w_7543.jpg"
whale_20248,"w_7437.jpg,w_1793.jpg,w_4246.jpg,w_6212.jpg,w_212.jpg"
whale_20448,"w_7070.jpg,w_3801.jpg,w_7840.jpg,w_1698.jpg,w_5962.jpg,w_9383.jpg,w_5146.jpg,w_1318.jpg,w_5929.jpg"
whale_21160,"w_1218.jpg,w_8966.jpg,w_2188.jpg,w_2587.jpg,w_88.jpg"
whale_21213,"w_5157.jpg,w_8963.jpg,w_2138.jpg,w_8615.jpg,w_8654.jpg,w_8753.jpg,w_9299.jpg"
whale_21655,w_6656.jpg
whale_21873,"w_3623.jpg,w_1125.jpg,w_6315.jpg"
whale_22059,"w_961.jpg,w_5044.jpg,w_9193.jpg"
whale_22101,"w_8997.jpg,w_8226.jpg,w_9408.jpg,w_5152.jpg,w_4690.jpg,w_5330.jpg,w_703.jpg"
whale_22118,"w_4125.jpg,w_1342.jpg,w_1750.jpg,w_1981.jpg,w_4383.jpg,w_9070.jpg"
whale_22212,w_7426.jpg
whale_22297,"w_7795.jpg,w_3241.jpg,w_1393.jpg,w_9329.jpg,w_1160.jpg"
whale_22448,"w_2319.jpg,w_8881.jpg,w_2597.jpg,w_4717.jpg,w_4621.jpg,w_3584.jpg,w_9239.jpg,w_9275.jpg,w_2421.jpg,w_3734.jpg,w_6337.jpg,w_6368.jpg,w_5111.jpg,w_1198.jpg"
whale_22848,w_5640.jpg
whale_23118,"w_4436.jpg,w_4498.jpg,w_2496.jpg"
whale_23367,"w_4974.jpg,w_2254.jpg,w_4091.jpg,w_1848.jpg,w_5199.jpg"
whale_23467,"w_3482.jpg,w_188.jpg,w_4697.jpg"
whale_23525,"w_9105.jpg,w_272.jpg,w_597.jpg,w_1382.jpg,w_7942.jpg,w_1526.jpg,w_5092.jpg,w_5037.jpg,w_8397.jpg,w_4876.jpg,w_3432.jpg,w_8207.jpg,w_3686.jpg,w_3646.jpg,w_2768.jpg,w_1090.jpg,w_420.jpg,w_2992.jpg,w_8526.jpg,w_9138.jpg"
whale_23574,"w_5390.jpg,w_6110.jpg,w_5747.jpg,w_5911.jpg,w_7162.jpg,w_2043.jpg,w_3215.jpg,w_6689.jpg,w_2454.jpg"
whale_23821,"w_7935.jpg,w_1381.jpg,w_4915.jpg,w_4012.jpg,w_4280.jpg,w_7358.jpg,w_841.jpg,w_5046.jpg,w_632.jpg,w_481.jpg,w_6165.jpg,w_4887.jpg,w_3921.jpg,w_463.jpg,w_857.jpg,w_6020.jpg,w_4059.jpg,w_7815.jpg,w_4590.jpg,w_658.jpg"
whale_23847,"w_1087.jpg,w_3953.jpg,w_5844.jpg,w_1764.jpg,w_3073.jpg,w_6770.jpg,w_3301.jpg,w_5124.jpg,w_316.jpg,w_5680.jpg,w_2808.jpg,w_1957.jpg,w_3116.jpg,w_4219.jpg,w_4613.jpg,w_5250.jpg,w_6387.jpg,w_8316.jpg"
whale_23855,"w_4046.jpg,w_5403.jpg,w_6925.jpg,w_9148.jpg,w_4209.jpg,w_2490.jpg"
whale_24458,"w_6699.jpg,w_1455.jpg,w_9259.jpg,w_5246.jpg,w_7709.jpg,w_4963.jpg,w_765.jpg,w_8022.jpg,w_8728.jpg,w_2710.jpg,w_1628.jpg,w_4326.jpg,w_3013.jpg,w_585.jpg,w_663.jpg,w_1925.jpg,w_1989.jpg,w_2071.jpg,w_3178.jpg,w_4790.jpg,w_6416.jpg,w_6481.jpg,w_6908.jpg,w_7909.jpg,w_8363.jpg,w_8551.jpg,w_8606.jpg,w_8619.jpg,w_9450.jpg"
whale_24679,"w_2931.jpg,w_3597.jpg,w_5054.jpg,w_486.jpg,w_371.jpg,w_4188.jpg,w_7727.jpg,w_8738.jpg,w_7285.jpg,w_1451.jpg,w_7689.jpg"
whale_24730,"w_214.jpg,w_7258.jpg,w_9100.jpg,w_1279.jpg,w_5602.jpg,w_7965.jpg,w_1923.jpg,w_4100.jpg,w_2024.jpg,w_6272.jpg,w_5666.jpg,w_7084.jpg,w_4571.jpg,w_3936.jpg"
whale_24815,"w_1052.jpg,w_6665.jpg,w_4505.jpg,w_9237.jpg,w_2190.jpg,w_3747.jpg,w_455.jpg,w_4165.jpg,w_4835.jpg,w_4819.jpg,w_2121.jpg,w_6606.jpg,w_6594.jpg,w_611.jpg,w_623.jpg,w_1043.jpg,w_4267.jpg,w_7788.jpg"
whale_25659,"w_822.jpg,w_563.jpg,w_6569.jpg"
whale_25715,"w_9209.jpg,w_7219.jpg,w_7651.jpg,w_6701.jpg,w_8816.jpg,w_2698.jpg,w_7009.jpg,w_2471.jpg,w_7707.jpg,w_9025.jpg,w_6197.jpg,w_8328.jpg,w_3666.jpg,w_4043.jpg,w_3945.jpg,w_9113.jpg,w_7983.jpg"
whale_25878,"w_7376.jpg,w_2993.jpg,w_6638.jpg,w_4793.jpg,w_9019.jpg,w_2774.jpg,w_6994.jpg,w_831.jpg,w_7773.jpg,w_2230.jpg,w_592.jpg,w_578.jpg,w_5077.jpg,w_1533.jpg,w_2245.jpg,w_7713.jpg,w_8713.jpg"
whale_26212,"w_1080.jpg,w_8235.jpg"
whale_26288,"w_3159.jpg,w_5652.jpg,w_3920.jpg,w_7387.jpg,w_4394.jpg,w_266.jpg,w_8319.jpg,w_9297.jpg,w_8846.jpg,w_8676.jpg,w_8774.jpg,w_4385.jpg,w_6127.jpg,w_8639.jpg,w_1243.jpg,w_1403.jpg,w_954.jpg,w_4460.jpg,w_1531.jpg,w_4548.jpg,w_4820.jpg,w_7530.jpg"
whale_26397,"w_6054.jpg,w_299.jpg,w_1423.jpg,w_7447.jpg,w_3902.jpg,w_175.jpg,w_1039.jpg,w_5171.jpg,w_228.jpg,w_5605.jpg,w_1400.jpg,w_2124.jpg,w_6178.jpg,w_1370.jpg,w_4924.jpg,w_6512.jpg,w_4026.jpg"
whale_26654,"w_5062.jpg,w_315.jpg,w_5576.jpg,w_1801.jpg,w_2167.jpg,w_467.jpg"
whale_26686,"w_847.jpg,w_3710.jpg,w_1995.jpg,w_4843.jpg,w_2158.jpg,w_3012.jpg,w_5917.jpg,w_6188.jpg,w_6561.jpg,w_6529.jpg,w_5700.jpg,w_4443.jpg,w_6675.jpg"
whale_27085,"w_5032.jpg,w_4962.jpg,w_2865.jpg,w_4132.jpg"
whale_27221,"w_3830.jpg,w_6478.jpg,w_2804.jpg,w_8142.jpg,w_285.jpg,w_3405.jpg"
whale_27820,"w_4181.jpg,w_7059.jpg,w_2145.jpg,w_8287.jpg,w_1164.jpg,w_5128.jpg"
whale_27834,"w_9027.jpg,w_7467.jpg,w_6352.jpg,w_2352.jpg"
whale_27860,"w_9308.jpg,w_610.jpg"
whale_28216,"w_8874.jpg,w_1824.jpg,w_81.jpg,w_3070.jpg"
whale_28263,"w_353.jpg,w_3845.jpg,w_8194.jpg,w_7252.jpg,w_4474.jpg,w_235.jpg,w_956.jpg,w_1660.jpg,w_4730.jpg,w_7896.jpg"
whale_28384,"w_7898.jpg,w_7168.jpg,w_7616.jpg,w_5705.jpg,w_5875.jpg,w_7599.jpg,w_5953.jpg,w_3374.jpg,w_6113.jpg,w_6451.jpg"
whale_28892,"w_2578.jpg,w_7950.jpg,w_6690.jpg,w_6008.jpg,w_3507.jpg,w_5765.jpg,w_4611.jpg,w_2616.jpg,w_1200.jpg,w_2736.jpg,w_3033.jpg,w_5139.jpg,w_4744.jpg,w_7830.jpg,w_1767.jpg,w_160.jpg,w_4937.jpg,w_2656.jpg,w_1666.jpg,w_6710.jpg,w_815.jpg,w_7473.jpg,w_3137.jpg,w_872.jpg,w_7492.jpg,w_2304.jpg,w_1149.jpg,w_1497.jpg,w_4930.jpg,w_5271.jpg,w_5659.jpg,w_8408.jpg,w_9379.jpg"
whale_29172,"w_8216.jpg,w_246.jpg,w_39.jpg,w_4489.jpg"
whale_29294,"w_7553.jpg,w_2850.jpg,w_3681.jpg,w_1458.jpg,w_4187.jpg,w_6031.jpg"
whale_29569,"w_9328.jpg,w_5557.jpg,w_2747.jpg,w_1397.jpg,w_7969.jpg,w_4707.jpg,w_8999.jpg,w_7661.jpg,w_8826.jpg,w_8884.jpg,w_9018.jpg,w_805.jpg,w_9278.jpg"
whale_29858,"w_4759.jpg,w_1453.jpg,w_3164.jpg,w_3510.jpg,w_5601.jpg,w_5594.jpg,w_1671.jpg,w_7706.jpg,w_48.jpg,w_1920.jpg"
whale_30074,"w_1411.jpg,w_2563.jpg,w_8196.jpg"
whale_30331,"w_8673.jpg,w_8088.jpg,w_1828.jpg,w_125.jpg,w_259.jpg,w_5026.jpg,w_158.jpg,w_6404.jpg,w_2312.jpg,w_1988.jpg,w_7148.jpg,w_7797.jpg,w_3990.jpg,w_1261.jpg,w_5418.jpg,w_4642.jpg,w_5707.jpg,w_531.jpg,w_3277.jpg,w_9252.jpg"
whale_31594,"w_317.jpg,w_8941.jpg,w_2932.jpg,w_4858.jpg,w_8332.jpg,w_4666.jpg,w_7248.jpg,w_8155.jpg,w_8359.jpg,w_356.jpg,w_4027.jpg,w_2792.jpg,w_5830.jpg,w_2488.jpg,w_5082.jpg"
whale_31739,"w_2113.jpg,w_1861.jpg,w_368.jpg,w_6779.jpg,w_7960.jpg"
whale_32021,"w_6285.jpg,w_6768.jpg,w_5683.jpg,w_6069.jpg,w_3107.jpg,w_427.jpg,w_58.jpg"
whale_32087,"w_3074.jpg,w_4251.jpg,w_3081.jpg,w_4195.jpg,w_4552.jpg,w_2048.jpg,w_4381.jpg,w_6269.jpg,w_2417.jpg,w_6603.jpg,w_297.jpg,w_4563.jpg,w_6570.jpg,w_7403.jpg,w_4847.jpg,w_44.jpg,w_5233.jpg,w_1295.jpg"
whale_32198,"w_3545.jpg,w_5554.jpg,w_3005.jpg,w_6219.jpg,w_3581.jpg,w_4124.jpg,w_4926.jpg,w_7373.jpg,w_4610.jpg,w_6976.jpg,w_7595.jpg,w_7725.jpg,w_4271.jpg"
whale_32702,"w_3127.jpg,w_6798.jpg,w_4914.jpg,w_1180.jpg,w_5832.jpg,w_1936.jpg,w_942.jpg,w_5762.jpg,w_2520.jpg,w_7364.jpg,w_6271.jpg,w_3825.jpg,w_6125.jpg,w_590.jpg"
whale_33140,"w_7128.jpg,w_5808.jpg,w_298.jpg,w_7288.jpg,w_9059.jpg,w_7476.jpg,w_8049.jpg,w_329.jpg,w_4603.jpg,w_9130.jpg,w_2416.jpg,w_4609.jpg,w_3856.jpg,w_489.jpg,w_2721.jpg,w_1751.jpg,w_213.jpg,w_2553.jpg"
whale_33152,"w_825.jpg,w_7405.jpg,w_5307.jpg,w_6526.jpg,w_91.jpg,w_3649.jpg,w_4135.jpg,w_2409.jpg,w_6923.jpg,w_6502.jpg,w_1575.jpg,w_6300.jpg,w_509.jpg,w_8537.jpg,w_9246.jpg"
whale_33195,"w_3484.jpg,w_6429.jpg,w_8542.jpg,w_754.jpg,w_458.jpg"
whale_33723,"w_1827.jpg,w_7465.jpg,w_4140.jpg,w_2415.jpg,w_2030.jpg,w_4906.jpg,w_3445.jpg,w_5637.jpg,w_5992.jpg"
whale_33961,"w_9082.jpg,w_6166.jpg,w_8409.jpg,w_2829.jpg,w_1045.jpg,w_4827.jpg,w_9327.jpg,w_1676.jpg"
whale_34488,"w_5514.jpg,w_2111.jpg,w_2913.jpg,w_3413.jpg,w_2887.jpg,w_3799.jpg,w_8718.jpg,w_4199.jpg,w_1937.jpg,w_4630.jpg,w_2502.jpg,w_4337.jpg,w_173.jpg,w_1708.jpg,w_7124.jpg"
whale_34513,w_4269.jpg
whale_34656,"w_4561.jpg,w_354.jpg,w_2440.jpg,w_9077.jpg,w_3934.jpg,w_5109.jpg,w_435.jpg,w_1139.jpg,w_3381.jpg,w_5744.jpg,w_9433.jpg,w_5294.jpg,w_8766.jpg,w_6527.jpg,w_1950.jpg,w_241.jpg,w_3384.jpg,w_1185.jpg,w_5224.jpg,w_2638.jpg,w_5697.jpg,w_8528.jpg,w_3.jpg,w_6884.jpg"
whale_34663,"w_4888.jpg,w_5377.jpg,w_1924.jpg,w_660.jpg,w_5913.jpg,w_3901.jpg,w_5086.jpg,w_6616.jpg,w_439.jpg,w_7770.jpg,w_2281.jpg,w_2480.jpg,w_4573.jpg,w_7001.jpg,w_1933.jpg,w_282.jpg,w_4439.jpg,w_3319.jpg,w_6133.jpg"
whale_34798,"w_16.jpg,w_7439.jpg,w_1012.jpg,w_152.jpg,w_5986.jpg,w_107.jpg,w_6388.jpg,w_1133.jpg"
whale_34813,"w_1304.jpg,w_3749.jpg"
whale_35004,"w_243.jpg,w_6056.jpg,w_431.jpg,w_814.jpg,w_1298.jpg,w_1889.jpg,w_4335.jpg,w_5309.jpg,w_5664.jpg,w_6179.jpg"
whale_35426,"w_222.jpg,w_6071.jpg,w_7798.jpg,w_6078.jpg"
whale_35430,"w_3916.jpg,w_3293.jpg,w_7940.jpg,w_1414.jpg,w_3269.jpg,w_8968.jpg,w_8479.jpg"
whale_35594,"w_142.jpg,w_163.jpg,w_6522.jpg,w_5247.jpg,w_4003.jpg,w_1256.jpg,w_6793.jpg,w_8910.jpg,w_9440.jpg,w_5115.jpg,w_2601.jpg,w_3565.jpg,w_4965.jpg,w_1483.jpg,w_8888.jpg,w_8799.jpg,w_8376.jpg,w_2083.jpg,w_963.jpg"
whale_35844,"w_3131.jpg,w_757.jpg,w_5723.jpg,w_6961.jpg,w_7301.jpg,w_6509.jpg,w_471.jpg,w_5828.jpg,w_5383.jpg,w_8095.jpg,w_1465.jpg,w_8445.jpg,w_2097.jpg,w_2849.jpg,w_7799.jpg,w_2546.jpg,w_1449.jpg,w_883.jpg"
whale_36154,"w_1057.jpg,w_8072.jpg,w_8593.jpg,w_301.jpg,w_2735.jpg,w_4623.jpg,w_2046.jpg,w_1987.jpg,w_8629.jpg,w_500.jpg,w_733.jpg,w_3656.jpg"
whale_36231,"w_7212.jpg,w_3476.jpg,w_3959.jpg,w_5957.jpg,w_8536.jpg,w_410.jpg,w_988.jpg,w_3103.jpg,w_2055.jpg,w_6248.jpg,w_2562.jpg,w_9290.jpg,w_9314.jpg,w_9296.jpg,w_270.jpg"
whale_36300,"w_4144.jpg,w_3144.jpg,w_8636.jpg,w_3219.jpg,w_5174.jpg,w_3586.jpg,w_3438.jpg,w_2921.jpg,w_6888.jpg"
whale_36437,"w_6363.jpg,w_4524.jpg,w_9111.jpg,w_4969.jpg,w_4890.jpg,w_7241.jpg,w_1696.jpg,w_8020.jpg,w_6544.jpg,w_5066.jpg,w_5411.jpg,w_957.jpg,w_8597.jpg,w_1062.jpg,w_4096.jpg,w_8381.jpg"
whale_36648,"w_4292.jpg,w_1007.jpg,w_8511.jpg"
whale_36851,"w_7282.jpg,w_5165.jpg,w_8032.jpg,w_5185.jpg,w_2866.jpg,w_2203.jpg,w_6506.jpg,w_9214.jpg,w_9200.jpg,w_7319.jpg,w_6971.jpg,w_293.jpg,w_350.jpg,w_8949.jpg,w_9373.jpg,w_4478.jpg,w_6329.jpg,w_4208.jpg,w_691.jpg,w_8990.jpg,w_5877.jpg,w_5539.jpg,w_5469.jpg,w_6948.jpg,w_5689.jpg,w_1752.jpg,w_5662.jpg,w_2495.jpg,w_4254.jpg,w_5480.jpg"
whale_37014,"w_7594.jpg,w_2744.jpg,w_8233.jpg"
whale_37154,"w_4961.jpg,w_2078.jpg,w_3071.jpg,w_6547.jpg,w_2130.jpg,w_782.jpg,w_143.jpg,w_9153.jpg,w_4899.jpg,w_5711.jpg,w_9258.jpg,w_2320.jpg,w_6550.jpg,w_6162.jpg"
whale_37269,"w_8868.jpg,w_6640.jpg,w_8106.jpg,w_8702.jpg,w_5866.jpg,w_6384.jpg,w_2958.jpg,w_2567.jpg,w_8501.jpg,w_4875.jpg,w_8277.jpg,w_1566.jpg"
whale_37301,"w_8170.jpg,w_2652.jpg,w_1204.jpg,w_196.jpg,w_1598.jpg,w_2214.jpg,w_1399.jpg,w_7972.jpg"
whale_37654,"w_8157.jpg,w_8282.jpg,w_4767.jpg,w_4529.jpg,w_1707.jpg,w_4233.jpg,w_8018.jpg,w_5419.jpg,w_700.jpg,w_1372.jpg"
whale_37658,"w_5262.jpg,w_6161.jpg,w_7205.jpg,w_4350.jpg,w_5584.jpg,w_1798.jpg,w_7990.jpg,w_5273.jpg,w_3537.jpg,w_4078.jpg,w_4225.jpg,w_2690.jpg,w_8185.jpg"
whale_38008,"w_7416.jpg,w_5811.jpg,w_1608.jpg,w_3530.jpg,w_8081.jpg,w_3848.jpg,w_5708.jpg,w_6060.jpg,w_2959.jpg,w_3418.jpg,w_7314.jpg,w_3826.jpg,w_518.jpg,w_5794.jpg,w_4902.jpg,w_3783.jpg,w_2915.jpg,w_2617.jpg"
whale_38191,"w_5222.jpg,w_5266.jpg,w_8904.jpg,w_415.jpg,w_8609.jpg,w_1928.jpg,w_3961.jpg"
whale_38288,"w_7573.jpg,w_3893.jpg,w_1583.jpg,w_2897.jpg,w_7742.jpg,w_6674.jpg,w_4618.jpg,w_6129.jpg,w_4695.jpg,w_4951.jpg,w_689.jpg,w_4863.jpg,w_6035.jpg,w_5927.jpg,w_2347.jpg,w_8268.jpg"
whale_38302,"w_1553.jpg,w_8735.jpg,w_3684.jpg"
whale_38437,"w_6700.jpg,w_340.jpg"
whale_38543,"w_3978.jpg,w_1994.jpg,w_4371.jpg,w_2238.jpg,w_9109.jpg,w_4167.jpg,w_6055.jpg,w_554.jpg,w_4308.jpg,w_2757.jpg,w_7943.jpg,w_8535.jpg,w_3340.jpg,w_6023.jpg,w_6260.jpg,w_4109.jpg"
whale_38681,"w_3935.jpg,w_2171.jpg,w_8768.jpg,w_201.jpg,w_470.jpg,w_7025.jpg,w_7810.jpg,w_5429.jpg,w_5290.jpg,w_1221.jpg,w_1564.jpg,w_2077.jpg,w_7579.jpg,w_935.jpg,w_5802.jpg,w_4121.jpg,w_6958.jpg,w_910.jpg,w_6967.jpg,w_6147.jpg,w_7941.jpg,w_1720.jpg,w_5890.jpg,w_5575.jpg,w_3258.jpg,w_944.jpg,w_4044.jpg,w_8383.jpg,w_3016.jpg,w_601.jpg,w_4780.jpg,w_4988.jpg,w_4289.jpg,w_7563.jpg,w_83.jpg,w_2629.jpg,w_5718.jpg,w_492.jpg,w_2939.jpg,w_1104.jpg,w_3502.jpg,w_6406.jpg,w_2389.jpg"
whale_38817,"w_4551.jpg,w_2144.jpg,w_2772.jpg,w_5163.jpg"
whale_38894,"w_571.jpg,w_1117.jpg,w_2870.jpg,w_7303.jpg,w_4120.jpg,w_4638.jpg,w_539.jpg,w_9319.jpg,w_6283.jpg,w_5303.jpg,w_5352.jpg,w_305.jpg"
whale_38906,"w_7129.jpg,w_648.jpg,w_260.jpg,w_6180.jpg,w_8434.jpg,w_6943.jpg,w_206.jpg,w_1661.jpg,w_2588.jpg,w_5649.jpg,w_6097.jpg,w_7040.jpg,w_7549.jpg,w_8622.jpg"
whale_39293,"w_1905.jpg,w_2444.jpg,w_7482.jpg,w_4404.jpg,w_8916.jpg,w_2493.jpg,w_5241.jpg,w_6553.jpg,w_9004.jpg,w_7623.jpg,w_122.jpg,w_3700.jpg"
whale_39674,"w_1646.jpg,w_7807.jpg,w_4491.jpg,w_4479.jpg,w_6204.jpg"
whale_39689,"w_8666.jpg,w_1506.jpg,w_1005.jpg,w_1187.jpg,w_687.jpg,w_1270.jpg,w_7614.jpg,w_5391.jpg,w_5121.jpg,w_7845.jpg,w_2762.jpg"
whale_39915,"w_1325.jpg,w_7385.jpg,w_2082.jpg,w_8040.jpg,w_5193.jpg,w_5905.jpg,w_3376.jpg,w_7177.jpg,w_6436.jpg,w_6732.jpg,w_615.jpg,w_440.jpg,w_8589.jpg,w_1143.jpg,w_8621.jpg,w_4242.jpg,w_8190.jpg,w_624.jpg,w_3707.jpg,w_9104.jpg"
whale_40169,"w_112.jpg,w_1063.jpg,w_6539.jpg,w_7408.jpg,w_2654.jpg,w_2847.jpg,w_3207.jpg,w_1051.jpg,w_3608.jpg,w_6175.jpg,w_1172.jpg,w_1521.jpg,w_5973.jpg,w_3604.jpg,w_5967.jpg,w_5359.jpg,w_9094.jpg,w_2976.jpg"
whale_40190,"w_5725.jpg,w_6697.jpg,w_2151.jpg"
whale_40483,w_8841.jpg
whale_40885,"w_2056.jpg,w_8967.jpg,w_4975.jpg,w_6.jpg"
whale_41125,"w_3770.jpg,w_622.jpg,w_7157.jpg,w_3794.jpg,w_837.jpg,w_6642.jpg,w_9021.jpg,w_6619.jpg,w_7939.jpg,w_9069.jpg,w_6687.jpg,w_5025.jpg,w_2443.jpg,w_5889.jpg,w_7722.jpg"
whale_41776,"w_2206.jpg,w_6835.jpg,w_2539.jpg,w_3138.jpg,w_1555.jpg,w_2904.jpg,w_8842.jpg,w_1038.jpg,w_2487.jpg,w_6822.jpg,w_6980.jpg,w_1930.jpg,w_9005.jpg,w_6174.jpg"
whale_41805,"w_2398.jpg,w_484.jpg,w_7422.jpg,w_9306.jpg,w_4066.jpg,w_7089.jpg,w_273.jpg,w_7380.jpg,w_675.jpg,w_2205.jpg,w_8873.jpg,w_2271.jpg,w_5313.jpg,w_613.jpg,w_8432.jpg,w_9375.jpg,w_448.jpg"
whale_41881,"w_6258.jpg,w_6489.jpg,w_202.jpg,w_8692.jpg,w_4852.jpg,w_9173.jpg"
whale_41921,"w_4330.jpg,w_1489.jpg,w_2200.jpg,w_3075.jpg,w_9177.jpg,w_9107.jpg,w_1162.jpg,w_8659.jpg,w_1137.jpg,w_3739.jpg,w_8812.jpg"
whale_42191,"w_4959.jpg,w_3680.jpg,w_6109.jpg,w_5730.jpg,w_7901.jpg,w_5168.jpg"
whale_43045,"w_3395.jpg,w_2198.jpg,w_5727.jpg,w_4514.jpg,w_7606.jpg,w_1083.jpg,w_6458.jpg,w_6373.jpg,w_9352.jpg,w_5003.jpg,w_4791.jpg,w_7101.jpg,w_2840.jpg"
whale_43326,"w_269.jpg,w_1056.jpg,w_2324.jpg"
whale_43374,"w_4521.jpg,w_787.jpg,w_1959.jpg"
whale_43961,"w_7576.jpg,w_5363.jpg,w_1691.jpg,w_6796.jpg,w_6039.jpg,w_5253.jpg,w_5642.jpg"
whale_43971,"w_2989.jpg,w_2462.jpg,w_7295.jpg,w_516.jpg,w_8763.jpg,w_9116.jpg,w_1120.jpg,w_7572.jpg,w_8805.jpg,w_7340.jpg,w_5488.jpg,w_7151.jpg,w_6963.jpg,w_4162.jpg,w_5541.jpg,w_5940.jpg,w_2575.jpg,w_8293.jpg"
whale_44071,"w_1456.jpg,w_1331.jpg,w_9341.jpg,w_8100.jpg,w_3778.jpg,w_8247.jpg,w_278.jpg,w_2414.jpg,w_2853.jpg"
whale_44127,"w_4927.jpg,w_1975.jpg,w_6206.jpg,w_7292.jpg,w_3985.jpg,w_4709.jpg,w_464.jpg,w_8695.jpg"
whale_44699,"w_3313.jpg,w_7863.jpg"
whale_44747,"w_8720.jpg,w_6761.jpg,w_3431.jpg,w_5059.jpg,w_8929.jpg"
whale_45062,"w_3828.jpg,w_5399.jpg,w_1588.jpg,w_4056.jpg,w_2468.jpg,w_5985.jpg,w_7214.jpg,w_6545.jpg,w_6602.jpg,w_5600.jpg,w_336.jpg"
whale_45294,w_6241.jpg
whale_45367,"w_6556.jpg,w_8013.jpg"
whale_45465,"w_4904.jpg,w_7071.jpg,w_3357.jpg,w_8553.jpg,w_507.jpg,w_2528.jpg,w_5944.jpg,w_295.jpg"
whale_45728,"w_5138.jpg,w_1467.jpg"
whale_46169,"w_8790.jpg,w_7189.jpg,w_5520.jpg,w_261.jpg,w_5868.jpg,w_4971.jpg,w_3478.jpg,w_3797.jpg,w_6916.jpg,w_3637.jpg,w_3439.jpg,w_2058.jpg"
whale_46747,"w_8604.jpg,w_8860.jpg,w_7166.jpg,w_5560.jpg,w_8210.jpg,w_9190.jpg,w_2839.jpg,w_1803.jpg,w_6542.jpg"
whale_46974,"w_7852.jpg,w_5734.jpg,w_3172.jpg,w_9265.jpg"
whale_47062,"w_7849.jpg,w_5994.jpg,w_3306.jpg"
whale_47700,"w_6867.jpg,w_969.jpg,w_5274.jpg,w_5651.jpg,w_4503.jpg,w_1375.jpg,w_405.jpg,w_5456.jpg,w_3242.jpg,w_3514.jpg,w_391.jpg,w_2542.jpg,w_7984.jpg"
whale_47734,"w_5938.jpg,w_8918.jpg,w_9231.jpg,w_8797.jpg,w_6661.jpg,w_8231.jpg,w_5657.jpg,w_6142.jpg,w_3568.jpg,w_8648.jpg,w_1006.jpg,w_6334.jpg,w_2194.jpg,w_8631.jpg,w_6286.jpg"
whale_47768,"w_8079.jpg,w_151.jpg"
whale_47858,"w_8617.jpg,w_4688.jpg,w_6911.jpg,w_4620.jpg,w_7055.jpg,w_6208.jpg"
whale_48024,"w_2825.jpg,w_6719.jpg"
whale_48386,"w_4441.jpg,w_3515.jpg,w_5720.jpg,w_4013.jpg,w_2661.jpg,w_8823.jpg,w_6805.jpg,w_975.jpg,w_5550.jpg,w_5103.jpg,w_8382.jpg,w_3730.jpg"
whale_48415,"w_5033.jpg,w_3625.jpg,w_1438.jpg,w_8684.jpg,w_4392.jpg,w_9466.jpg,w_4996.jpg,w_3283.jpg,w_1297.jpg,w_5964.jpg,w_2370.jpg,w_9416.jpg,w_7198.jpg,w_7956.jpg,w_4565.jpg,w_8510.jpg,w_6134.jpg"
whale_48490,"w_6365.jpg,w_4504.jpg,w_4189.jpg,w_177.jpg,w_5503.jpg,w_1895.jpg,w_6433.jpg,w_1003.jpg,w_2703.jpg,w_4263.jpg,w_4728.jpg,w_4804.jpg"
whale_48497,"w_181.jpg,w_7039.jpg,w_3135.jpg,w_9462.jpg,w_15.jpg"
whale_48633,"w_3692.jpg,w_3589.jpg,w_1159.jpg"
whale_48813,"w_7812.jpg,w_9358.jpg,w_1264.jpg,w_3462.jpg,w_8164.jpg,w_577.jpg,w_8893.jpg,w_934.jpg,w_5478.jpg,w_6006.jpg,w_2073.jpg,w_722.jpg,w_738.jpg,w_3496.jpg,w_50.jpg,w_3404.jpg,w_4447.jpg,w_6339.jpg,w_3887.jpg,w_3620.jpg,w_530.jpg,w_1897.jpg"
whale_48966,"w_6828.jpg,w_256.jpg,w_9092.jpg,w_5980.jpg,w_4990.jpg,w_9365.jpg,w_7366.jpg,w_5126.jpg,w_5800.jpg,w_9326.jpg,w_1355.jpg,w_3823.jpg,w_1044.jpg,w_1813.jpg,w_6912.jpg,w_5543.jpg,w_6033.jpg,w_7268.jpg,w_9463.jpg,w_2437.jpg,w_8074.jpg,w_941.jpg"
whale_49135,"w_5779.jpg,w_7115.jpg,w_8546.jpg,w_5726.jpg,w_7911.jpg,w_5479.jpg,w_1492.jpg,w_5361.jpg,w_6879.jpg,w_8076.jpg"
whale_49210,"w_2770.jpg,w_6546.jpg,w_5336.jpg,w_9360.jpg"
whale_49237,"w_9084.jpg,w_8160.jpg,w_7867.jpg,w_7653.jpg,w_3195.jpg,w_3046.jpg"
whale_49277,"w_4315.jpg,w_2769.jpg,w_3372.jpg,w_3842.jpg,w_1789.jpg"
whale_49491,"w_7702.jpg,w_5484.jpg,w_2608.jpg"
whale_49530,"w_3983.jpg,w_1867.jpg,w_7038.jpg,w_2518.jpg,w_3635.jpg,w_616.jpg,w_9244.jpg,w_6182.jpg,w_1251.jpg,w_5706.jpg"
whale_49832,"w_4113.jpg,w_2828.jpg,w_6618.jpg,w_1354.jpg,w_8862.jpg,w_3041.jpg,w_5481.jpg,w_8981.jpg,w_541.jpg,w_2286.jpg"
whale_49877,"w_1525.jpg,w_1313.jpg,w_684.jpg,w_3062.jpg,w_2766.jpg,w_5518.jpg,w_7618.jpg,w_1252.jpg,w_2134.jpg,w_5862.jpg,w_341.jpg"
whale_50021,"w_4213.jpg,w_6357.jpg,w_2249.jpg,w_4215.jpg,w_5156.jpg,w_3724.jpg,w_5217.jpg,w_1417.jpg,w_576.jpg,w_596.jpg,w_7167.jpg,w_1728.jpg,w_4687.jpg,w_6608.jpg,w_3554.jpg"
whale_51114,w_7937.jpg
whale_51195,"w_5846.jpg,w_6996.jpg,w_9426.jpg,w_2276.jpg,w_4821.jpg,w_4191.jpg,w_5698.jpg,w_6639.jpg,w_4589.jpg,w_9447.jpg,w_2091.jpg,w_4247.jpg,w_673.jpg,w_6890.jpg,w_4015.jpg,w_4366.jpg,w_2060.jpg,w_4038.jpg,w_7671.jpg,w_8647.jpg,w_5655.jpg,w_7596.jpg,w_1652.jpg,w_1773.jpg,w_6037.jpg,w_6465.jpg,w_8691.jpg,w_9320.jpg"
whale_51332,w_3750.jpg
whale_51538,"w_8942.jpg,w_2645.jpg,w_7228.jpg,w_7051.jpg,w_2221.jpg,w_556.jpg,w_8234.jpg,w_9014.jpg,w_5110.jpg,w_3607.jpg,w_2474.jpg,w_4795.jpg,w_4916.jpg,w_980.jpg,w_3079.jpg,w_4846.jpg"
whale_51603,"w_8083.jpg,w_7746.jpg,w_1795.jpg,w_1978.jpg,w_3346.jpg,w_8729.jpg,w_8525.jpg,w_8596.jpg,w_5803.jpg"
whale_52100,"w_6716.jpg,w_6196.jpg,w_6543.jpg,w_9405.jpg,w_172.jpg,w_418.jpg,w_677.jpg,w_1064.jpg"
whale_52342,"w_707.jpg,w_6447.jpg,w_3688.jpg,w_6198.jpg,w_5856.jpg,w_4000.jpg,w_3379.jpg,w_5486.jpg,w_2973.jpg,w_7842.jpg,w_1235.jpg,w_6878.jpg,w_4193.jpg,w_2202.jpg,w_7695.jpg,w_5506.jpg,w_6048.jpg,w_2763.jpg,w_5286.jpg"
whale_52505,"w_2302.jpg,w_1328.jpg,w_661.jpg,w_1986.jpg,w_1359.jpg,w_5065.jpg,w_5384.jpg,w_6466.jpg,w_7354.jpg,w_2812.jpg,w_752.jpg,w_6495.jpg,w_4586.jpg,w_681.jpg,w_4009.jpg,w_8385.jpg,w_2356.jpg,w_1253.jpg,w_562.jpg"
whale_52749,"w_6262.jpg,w_4692.jpg,w_7449.jpg,w_4293.jpg,w_1157.jpg,w_1870.jpg,w_7400.jpg,w_4518.jpg,w_6959.jpg,w_1290.jpg,w_3988.jpg,w_5107.jpg,w_7827.jpg,w_5703.jpg,w_1724.jpg,w_6862.jpg,w_4318.jpg,w_4747.jpg,w_4715.jpg,w_6139.jpg,w_8351.jpg,w_887.jpg,w_8255.jpg,w_5792.jpg,w_7409.jpg,w_8439.jpg"
whale_52759,"w_568.jpg,w_7691.jpg,w_3841.jpg,w_6205.jpg,w_7187.jpg,w_9178.jpg,w_2022.jpg,w_4519.jpg,w_951.jpg,w_785.jpg,w_2256.jpg,w_9013.jpg,w_8.jpg,w_835.jpg,w_3991.jpg,w_4095.jpg,w_5679.jpg,w_6041.jpg"
whale_52998,"w_7418.jpg,w_70.jpg,w_7718.jpg,w_3612.jpg,w_9395.jpg,w_3896.jpg"
whale_53079,"w_527.jpg,w_348.jpg,w_7401.jpg,w_9043.jpg,w_3009.jpg,w_9430.jpg,w_3854.jpg,w_4211.jpg,w_6521.jpg,w_2529.jpg,w_182.jpg,w_4214.jpg,w_6740.jpg,w_7527.jpg,w_8097.jpg,w_5814.jpg,w_2583.jpg"
whale_53580,"w_3007.jpg,w_641.jpg,w_4860.jpg,w_5804.jpg,w_1653.jpg,w_2094.jpg,w_3716.jpg,w_925.jpg,w_5083.jpg,w_5949.jpg"
whale_53889,"w_6534.jpg,w_1495.jpg,w_2533.jpg,w_4105.jpg,w_479.jpg,w_5122.jpg,w_743.jpg,w_5920.jpg,w_6749.jpg,w_8653.jpg,w_4700.jpg,w_6108.jpg"
whale_54497,w_4045.jpg
whale_54574,"w_9197.jpg,w_4374.jpg,w_7775.jpg,w_4531.jpg,w_3222.jpg,w_2050.jpg,w_6299.jpg,w_1866.jpg,w_756.jpg,w_1982.jpg,w_4948.jpg,w_1901.jpg,w_397.jpg,w_4733.jpg,w_4467.jpg"
whale_54796,w_3003.jpg
whale_54850,"w_3249.jpg,w_5476.jpg,w_4030.jpg"
whale_54920,"w_7327.jpg,w_413.jpg,w_3660.jpg,w_6080.jpg,w_7460.jpg,w_5527.jpg,w_4941.jpg"
whale_55079,"w_9464.jpg,w_7531.jpg,w_2592.jpg,w_6524.jpg,w_5909.jpg,w_1364.jpg,w_2802.jpg,w_3815.jpg,w_5397.jpg,w_867.jpg,w_1859.jpg,w_4081.jpg,w_146.jpg,w_8908.jpg,w_442.jpg,w_6176.jpg,w_4138.jpg,w_424.jpg,w_8512.jpg,w_5516.jpg"
whale_55333,"w_1454.jpg,w_5511.jpg,w_3917.jpg,w_1597.jpg,w_5160.jpg,w_9215.jpg,w_3139.jpg,w_3279.jpg,w_7094.jpg,w_9428.jpg"
whale_55550,"w_4488.jpg,w_4028.jpg,w_7639.jpg,w_5669.jpg,w_4584.jpg,w_7363.jpg,w_8988.jpg,w_5024.jpg,w_7459.jpg"
whale_55861,"w_6025.jpg,w_3844.jpg,w_9182.jpg,w_3829.jpg,w_5447.jpg,w_7766.jpg,w_8059.jpg,w_1166.jpg,w_2191.jpg,w_2603.jpg"
whale_56281,w_1881.jpg
whale_57251,"w_3648.jpg,w_7574.jpg,w_6059.jpg"
whale_57338,"w_5784.jpg,w_3808.jpg,w_5528.jpg,w_4993.jpg,w_4578.jpg,w_7796.jpg,w_2756.jpg"
whale_58010,"w_8430.jpg,w_5248.jpg,w_776.jpg,w_6752.jpg,w_6850.jpg,w_771.jpg,w_4705.jpg,w_3523.jpg,w_6555.jpg,w_8269.jpg"
whale_58309,"w_3952.jpg,w_994.jpg,w_3318.jpg,w_8457.jpg,w_5310.jpg,w_7145.jpg,w_4250.jpg,w_1863.jpg"
whale_58362,"w_7109.jpg,w_3977.jpg,w_7335.jpg,w_3429.jpg,w_8156.jpg,w_7557.jpg,w_7534.jpg,w_5618.jpg,w_1858.jpg,w_1154.jpg,w_5244.jpg,w_5761.jpg,w_1014.jpg,w_5883.jpg,w_7204.jpg,w_3721.jpg"
whale_58474,"w_3027.jpg,w_764.jpg,w_7975.jpg,w_5504.jpg,w_2731.jpg,w_8193.jpg,w_1031.jpg,w_1755.jpg"
whale_58747,"w_7260.jpg,w_5981.jpg,w_5137.jpg,w_5704.jpg,w_4370.jpg,w_2795.jpg,w_2811.jpg,w_3428.jpg,w_6817.jpg"
whale_58972,"w_8209.jpg,w_8847.jpg,w_482.jpg,w_2150.jpg,w_8634.jpg,w_4234.jpg,w_1542.jpg,w_9136.jpg,w_454.jpg"
whale_59173,"w_6066.jpg,w_1296.jpg,w_3847.jpg,w_8664.jpg,w_6268.jpg,w_2396.jpg,w_9065.jpg,w_8450.jpg,w_5118.jpg,w_6061.jpg,w_2965.jpg,w_8056.jpg,w_4750.jpg,w_396.jpg,w_2264.jpg,w_3708.jpg,w_4644.jpg,w_8087.jpg,w_4985.jpg"
whale_59255,"w_8063.jpg,w_7567.jpg,w_2001.jpg,w_7677.jpg,w_2685.jpg,w_7708.jpg,w_5013.jpg,w_7721.jpg,w_8533.jpg,w_7519.jpg,w_8836.jpg,w_5930.jpg,w_7520.jpg,w_5737.jpg,w_2649.jpg,w_6297.jpg,w_5641.jpg"
whale_59627,"w_6797.jpg,w_4525.jpg,w_1876.jpg,w_7808.jpg,w_8099.jpg"
whale_60451,"w_4658.jpg,w_5978.jpg,w_8660.jpg,w_8887.jpg"
whale_60729,"w_1477.jpg,w_8547.jpg,w_9394.jpg,w_9089.jpg,w_5475.jpg,w_358.jpg,w_7284.jpg,w_767.jpg,w_6138.jpg"
whale_60921,"w_8754.jpg,w_1780.jpg,w_4123.jpg,w_9205.jpg,w_1818.jpg,w_5296.jpg,w_2544.jpg,w_4802.jpg,w_2900.jpg,w_9311.jpg,w_8901.jpg,w_8930.jpg,w_5631.jpg,w_4891.jpg,w_7193.jpg,w_3766.jpg,w_7963.jpg,w_8009.jpg"
whale_61260,"w_6276.jpg,w_1741.jpg,w_2918.jpg,w_4253.jpg,w_6523.jpg,w_8171.jpg"
whale_61461,"w_8024.jpg,w_1352.jpg,w_4661.jpg,w_7589.jpg,w_7310.jpg,w_7782.jpg,w_6644.jpg,w_3851.jpg,w_1181.jpg,w_2424.jpg,w_5984.jpg,w_716.jpg,w_8102.jpg,w_1258.jpg,w_1578.jpg,w_1970.jpg,w_3322.jpg,w_3583.jpg,w_3894.jpg,w_7600.jpg,w_8487.jpg"
whale_61728,"w_7015.jpg,w_1479.jpg,w_2403.jpg"
whale_61924,"w_6617.jpg,w_9301.jpg,w_6275.jpg,w_468.jpg,w_5919.jpg,w_1037.jpg"
whale_62655,"w_3459.jpg,w_3818.jpg,w_1569.jpg,w_6607.jpg,w_8818.jpg,w_8667.jpg,w_3495.jpg,w_8373.jpg,w_8623.jpg,w_7201.jpg,w_1822.jpg,w_209.jpg,w_6997.jpg,w_281.jpg,w_2835.jpg,w_6153.jpg,w_6973.jpg"
whale_62939,"w_2632.jpg,w_5463.jpg,w_3168.jpg,w_2724.jpg,w_3968.jpg"
whale_63541,"w_6882.jpg,w_1035.jpg,w_4554.jpg,w_4509.jpg,w_7474.jpg,w_1918.jpg,w_1993.jpg,w_809.jpg,w_9121.jpg,w_6120.jpg"
whale_63816,"w_719.jpg,w_3134.jpg,w_6143.jpg,w_5340.jpg,w_4052.jpg,w_8732.jpg,w_3411.jpg,w_9309.jpg,w_1761.jpg,w_1195.jpg,w_1967.jpg,w_4754.jpg,w_7430.jpg,w_8898.jpg"
whale_63948,"w_9271.jpg,w_710.jpg,w_6338.jpg,w_6087.jpg,w_7683.jpg,w_8977.jpg,w_9291.jpg,w_6170.jpg,w_1573.jpg,w_7455.jpg,w_5162.jpg,w_6680.jpg"
whale_64006,"w_133.jpg,w_3527.jpg,w_8271.jpg,w_1231.jpg,w_1668.jpg"
whale_64274,"w_8317.jpg,w_1606.jpg,w_6463.jpg,w_9356.jpg,w_3400.jpg,w_843.jpg,w_1904.jpg,w_1912.jpg"
whale_64299,w_5416.jpg
whale_64496,"w_3969.jpg,w_985.jpg,w_1000.jpg,w_1466.jpg,w_3212.jpg,w_693.jpg,w_1450.jpg,w_8262.jpg,w_5267.jpg,w_1727.jpg,w_4475.jpg,w_328.jpg,w_3050.jpg,w_808.jpg,w_3536.jpg,w_5201.jpg,w_916.jpg"
whale_64526,"w_296.jpg,w_1674.jpg,w_3616.jpg,w_2335.jpg,w_5064.jpg,w_7905.jpg,w_5366.jpg,w_2231.jpg"
whale_64634,"w_4817.jpg,w_8494.jpg,w_4763.jpg,w_7957.jpg,w_8208.jpg,w_5007.jpg,w_2157.jpg,w_769.jpg,w_5813.jpg,w_1938.jpg,w_2859.jpg,w_3835.jpg,w_5117.jpg,w_5339.jpg,w_5558.jpg,w_6022.jpg,w_6593.jpg,w_8733.jpg,w_9248.jpg"
whale_64714,"w_4515.jpg,w_6402.jpg,w_9313.jpg,w_8895.jpg,w_5091.jpg,w_1673.jpg,w_5370.jpg,w_5096.jpg,w_1444.jpg,w_7580.jpg,w_8772.jpg,w_8883.jpg,w_4526.jpg,w_3452.jpg,w_6880.jpg,w_659.jpg"
whale_64903,"w_6685.jpg,w_4365.jpg,w_6249.jpg"
whale_64937,"w_1527.jpg,w_631.jpg,w_343.jpg,w_3184.jpg,w_3886.jpg,w_8307.jpg,w_7518.jpg,w_6310.jpg,w_2408.jpg,w_4495.jpg,w_4485.jpg,w_473.jpg,w_997.jpg,w_8971.jpg"
whale_64989,"w_3805.jpg,w_8559.jpg,w_2658.jpg,w_6420.jpg,w_5053.jpg,w_3087.jpg,w_3082.jpg,w_2489.jpg,w_5692.jpg,w_5589.jpg,w_6007.jpg,w_2838.jpg,w_5047.jpg,w_6169.jpg"
whale_65057,"w_5553.jpg,w_3543.jpg,w_4768.jpg,w_4955.jpg,w_3761.jpg,w_4803.jpg,w_851.jpg,w_2243.jpg,w_4265.jpg,w_5190.jpg,w_1915.jpg,w_18.jpg,w_4286.jpg"
whale_65263,"w_7470.jpg,w_4426.jpg"
whale_65586,"w_4390.jpg,w_3235.jpg,w_3809.jpg,w_1997.jpg,w_5549.jpg,w_4284.jpg,w_8354.jpg,w_7382.jpg,w_9073.jpg,w_6214.jpg,w_2355.jpg,w_5937.jpg,w_438.jpg,w_540.jpg,w_1237.jpg,w_2162.jpg,w_2211.jpg,w_2797.jpg,w_3309.jpg,w_4507.jpg,w_4574.jpg,w_4892.jpg,w_6186.jpg,w_7165.jpg,w_7299.jpg,w_8333.jpg,w_8819.jpg"
whale_65737,"w_5284.jpg,w_6682.jpg,w_612.jpg,w_7582.jpg"
whale_66205,"w_2609.jpg,w_6442.jpg,w_1047.jpg,w_9145.jpg,w_1184.jpg,w_9468.jpg"
whale_66353,"w_9217.jpg,w_1388.jpg,w_2128.jpg,w_9412.jpg,w_6493.jpg,w_1899.jpg,w_3751.jpg,w_8714.jpg,w_2940.jpg,w_4423.jpg,w_6293.jpg,w_6004.jpg,w_3871.jpg,w_9250.jpg,w_8220.jpg,w_3238.jpg,w_3889.jpg,w_4425.jpg,w_8092.jpg,w_2535.jpg,w_6263.jpg"
whale_66421,"w_7820.jpg,w_9349.jpg,w_6647.jpg,w_2439.jpg,w_476.jpg"
whale_66539,w_4732.jpg
whale_66711,"w_5571.jpg,w_564.jpg,w_1112.jpg,w_3029.jpg,w_8892.jpg,w_7890.jpg,w_7765.jpg,w_100.jpg,w_7413.jpg,w_9080.jpg"
whale_66852,"w_6612.jpg,w_8588.jpg,w_7590.jpg,w_3899.jpg,w_6498.jpg,w_5216.jpg,w_8181.jpg,w_6562.jpg,w_8036.jpg,w_5806.jpg,w_4222.jpg,w_5283.jpg,w_4992.jpg,w_8628.jpg,w_2817.jpg,w_7510.jpg,w_3852.jpg,w_5285.jpg"
whale_66935,"w_3036.jpg,w_8374.jpg,w_6786.jpg,w_9238.jpg,w_1227.jpg,w_5677.jpg,w_8519.jpg"
whale_67036,"w_7754.jpg,w_1281.jpg,w_6238.jpg,w_701.jpg,w_4493.jpg,w_4074.jpg,w_1836.jpg,w_9255.jpg,w_2390.jpg,w_1075.jpg,w_3674.jpg,w_2187.jpg,w_3939.jpg,w_94.jpg,w_699.jpg,w_1880.jpg,w_6240.jpg,w_8182.jpg"
whale_67407,"w_4506.jpg,w_3723.jpg,w_5299.jpg,w_6698.jpg,w_9249.jpg,w_2938.jpg,w_8869.jpg"
whale_67611,"w_8161.jpg,w_1376.jpg,w_7300.jpg,w_7764.jpg,w_5297.jpg"
whale_67614,"w_7041.jpg,w_3425.jpg,w_5322.jpg,w_3198.jpg,w_7868.jpg,w_2288.jpg,w_6595.jpg"
whale_67685,"w_4469.jpg,w_3979.jpg,w_1753.jpg,w_3773.jpg,w_5931.jpg,w_9137.jpg,w_1776.jpg,w_3272.jpg,w_4905.jpg,w_6192.jpg,w_2242.jpg,w_2079.jpg"
whale_67801,"w_746.jpg,w_4958.jpg"
whale_68116,"w_446.jpg,w_1992.jpg,w_8685.jpg,w_7452.jpg,w_4799.jpg,w_8585.jpg,w_4367.jpg,w_2372.jpg,w_4316.jpg,w_1081.jpg,w_2148.jpg,w_7276.jpg,w_1641.jpg,w_6657.jpg,w_4298.jpg,w_9262.jpg,w_5461.jpg,w_7980.jpg,w_1787.jpg,w_3089.jpg,w_4141.jpg,w_6673.jpg,w_1340.jpg"
whale_68338,"w_4844.jpg,w_8578.jpg,w_896.jpg,w_2472.jpg,w_1278.jpg"
whale_68774,"w_2063.jpg,w_7944.jpg,w_1591.jpg,w_5590.jpg,w_2065.jpg,w_4159.jpg,w_6456.jpg"
whale_68789,"w_6620.jpg,w_1435.jpg,w_404.jpg,w_7893.jpg,w_1811.jpg,w_3585.jpg"
whale_69084,"w_755.jpg,w_1684.jpg,w_8200.jpg,w_2565.jpg,w_4238.jpg"
whale_69459,"w_3875.jpg,w_3542.jpg,w_3295.jpg,w_4127.jpg,w_9164.jpg,w_6937.jpg,w_8808.jpg,w_6615.jpg,w_8352.jpg,w_9196.jpg,w_2787.jpg,w_9385.jpg,w_8567.jpg,w_9274.jpg,w_2929.jpg,w_6576.jpg"
whale_69619,"w_2287.jpg,w_3763.jpg,w_3868.jpg,w_3053.jpg,w_2217.jpg,w_7961.jpg,w_7953.jpg,w_6694.jpg,w_3714.jpg,w_1302.jpg,w_1193.jpg,w_7417.jpg"
whale_69943,"w_9470.jpg,w_5834.jpg"
whale_70138,"w_6038.jpg,w_1868.jpg,w_4481.jpg,w_7544.jpg,w_2132.jpg,w_3695.jpg,w_7836.jpg,w_7023.jpg,w_5548.jpg,w_9026.jpg,w_1004.jpg,w_6780.jpg,w_7664.jpg,w_9241.jpg,w_2358.jpg,w_4585.jpg,w_6914.jpg,w_7362.jpg,w_6573.jpg,w_2406.jpg,w_1962.jpg,w_7489.jpg"
whale_70904,"w_4706.jpg,w_4612.jpg,w_1177.jpg,w_5928.jpg,w_5501.jpg,w_2360.jpg,w_725.jpg,w_3908.jpg"
whale_71062,"w_4545.jpg,w_5002.jpg,w_1756.jpg,w_2265.jpg,w_8489.jpg,w_4501.jpg,w_5686.jpg,w_6631.jpg,w_6896.jpg"
whale_71554,"w_799.jpg,w_8111.jpg,w_3488.jpg,w_9006.jpg,w_3687.jpg"
whale_72235,"w_1024.jpg,w_3063.jpg,w_3334.jpg,w_28.jpg,w_3932.jpg,w_4060.jpg,w_1476.jpg,w_1596.jpg,w_2325.jpg"
whale_72327,"w_8428.jpg,w_7598.jpg,w_2492.jpg,w_1631.jpg,w_4968.jpg,w_7904.jpg,w_9439.jpg,w_801.jpg,w_4248.jpg,w_2039.jpg,w_3744.jpg,w_5392.jpg,w_5816.jpg,w_6225.jpg,w_8023.jpg,w_8690.jpg,w_9016.jpg"
whale_72820,"w_5084.jpg,w_7218.jpg,w_3305.jpg,w_1595.jpg,w_2816.jpg,w_5857.jpg,w_2646.jpg,w_609.jpg,w_1303.jpg,w_5916.jpg,w_4782.jpg,w_4278.jpg,w_1.jpg,w_1516.jpg,w_871.jpg,w_398.jpg,w_5960.jpg,w_2909.jpg,w_4872.jpg"
whale_73080,"w_7093.jpg,w_6564.jpg,w_8124.jpg,w_8289.jpg,w_819.jpg,w_86.jpg,w_8814.jpg,w_671.jpg,w_9388.jpg,w_8264.jpg,w_3918.jpg"
whale_73136,"w_4240.jpg,w_5585.jpg,w_8132.jpg,w_4567.jpg,w_1150.jpg,w_8452.jpg,w_2983.jpg,w_7333.jpg,w_4083.jpg,w_5654.jpg,w_8837.jpg,w_6257.jpg,w_4822.jpg,w_2519.jpg,w_668.jpg,w_2177.jpg,w_3619.jpg,w_7217.jpg"
whale_73167,"w_5625.jpg,w_2374.jpg"
whale_73592,"w_8962.jpg,w_6430.jpg,w_2737.jpg,w_8296.jpg,w_8663.jpg,w_3531.jpg,w_7032.jpg,w_7443.jpg,w_1470.jpg,w_8270.jpg,w_375.jpg,w_7494.jpg,w_8954.jpg"
whale_73666,"w_8453.jpg,w_8297.jpg,w_4018.jpg,w_6803.jpg,w_992.jpg,w_8783.jpg,w_7344.jpg,w_3343.jpg,w_9216.jpg,w_2893.jpg,w_8891.jpg,w_9114.jpg,w_9167.jpg,w_5104.jpg,w_4407.jpg,w_2137.jpg,w_4449.jpg,w_6703.jpg,w_2602.jpg,w_6405.jpg,w_3245.jpg,w_1122.jpg,w_1815.jpg"
whale_73684,"w_1766.jpg,w_4358.jpg,w_7889.jpg,w_9074.jpg,w_7242.jpg,w_7088.jpg,w_1211.jpg,w_5375.jpg,w_7326.jpg,w_2160.jpg"
whale_74062,"w_4131.jpg,w_3973.jpg,w_1810.jpg,w_1567.jpg"
whale_74162,"w_8734.jpg,w_8159.jpg,w_709.jpg,w_2387.jpg,w_9134.jpg,w_3101.jpg,w_7659.jpg,w_7647.jpg,w_4185.jpg"
whale_74232,"w_986.jpg,w_1613.jpg,w_8840.jpg,w_7062.jpg,w_8531.jpg,w_7270.jpg,w_5626.jpg,w_2982.jpg,w_5467.jpg,w_6191.jpg,w_1814.jpg,w_3786.jpg,w_1511.jpg,w_8078.jpg,w_6194.jpg,w_7127.jpg,w_1883.jpg,w_2080.jpg,w_5863.jpg,w_6784.jpg,w_8731.jpg"
whale_74439,"w_8475.jpg,w_5434.jpg,w_770.jpg,w_2786.jpg,w_6034.jpg,w_8571.jpg,w_495.jpg,w_9079.jpg,w_393.jpg,w_2943.jpg,w_1486.jpg,w_7634.jpg,w_456.jpg,w_5771.jpg,w_4815.jpg"
whale_74625,"w_6660.jpg,w_3320.jpg,w_8630.jpg,w_6501.jpg,w_4104.jpg,w_8396.jpg,w_1107.jpg,w_5358.jpg,w_4402.jpg"
whale_74683,"w_3444.jpg,w_1310.jpg,w_7964.jpg,w_1299.jpg"
whale_74828,"w_7377.jpg,w_4005.jpg,w_8348.jpg,w_6666.jpg"
whale_74935,"w_2543.jpg,w_7605.jpg,w_6446.jpg,w_461.jpg,w_4714.jpg,w_3375.jpg"
whale_75215,"w_5360.jpg,w_8661.jpg,w_3999.jpg,w_3846.jpg,w_4696.jpg,w_8677.jpg,w_5750.jpg"
whale_75413,"w_3539.jpg,w_5881.jpg,w_6467.jpg,w_3919.jpg,w_7613.jpg,w_1191.jpg,w_2689.jpg"
whale_75455,"w_2072.jpg,w_99.jpg,w_472.jpg,w_9147.jpg,w_4751.jpg,w_1017.jpg,w_2407.jpg"
whale_75682,"w_4130.jpg,w_6901.jpg,w_5081.jpg"
whale_75767,"w_239.jpg,w_3769.jpg,w_9224.jpg"
whale_75932,"w_5021.jpg,w_9410.jpg,w_9035.jpg,w_4332.jpg,w_1291.jpg,w_2021.jpg,w_2342.jpg,w_4809.jpg,w_4932.jpg,w_3950.jpg,w_232.jpg,w_1659.jpg,w_3752.jpg,w_3904.jpg,w_5524.jpg,w_5607.jpg,w_6525.jpg,w_7540.jpg"
whale_76398,"w_2379.jpg,w_8739.jpg,w_8150.jpg,w_8540.jpg"
whale_76782,"w_8582.jpg,w_962.jpg,w_1206.jpg,w_3284.jpg,w_8554.jpg,w_1461.jpg,w_5653.jpg,w_3709.jpg,w_7700.jpg,w_5989.jpg"
whale_77693,"w_3049.jpg,w_3403.jpg,w_8240.jpg,w_2997.jpg,w_2537.jpg,w_9181.jpg,w_3474.jpg,w_7903.jpg,w_3105.jpg,w_940.jpg,w_2044.jpg,w_6209.jpg,w_4824.jpg,w_9330.jpg,w_2241.jpg,w_205.jpg,w_2963.jpg,w_2574.jpg,w_5298.jpg"
whale_77984,w_836.jpg
whale_78280,"w_2883.jpg,w_3777.jpg,w_8299.jpg,w_4722.jpg,w_6199.jpg,w_6045.jpg,w_2980.jpg,w_8339.jpg,w_4825.jpg,w_6664.jpg,w_5551.jpg,w_7297.jpg,w_8851.jpg,w_664.jpg,w_929.jpg,w_5836.jpg,w_9146.jpg,w_6868.jpg,w_1556.jpg,w_4884.jpg,w_6735.jpg,w_7245.jpg,w_8451.jpg,w_971.jpg"
whale_78372,"w_3994.jpg,w_3461.jpg,w_8327.jpg,w_894.jpg,w_2579.jpg,w_7529.jpg,w_1913.jpg,w_2460.jpg,w_8693.jpg,w_5320.jpg,w_8230.jpg,w_6500.jpg,w_884.jpg,w_1069.jpg"
whale_78395,"w_8750.jpg,w_7121.jpg,w_9000.jpg,w_6063.jpg,w_7877.jpg,w_1392.jpg,w_3524.jpg,w_5442.jpg,w_8471.jpg"
whale_78565,"w_6095.jpg,w_9086.jpg,w_4129.jpg,w_9152.jpg,w_3618.jpg,w_8394.jpg,w_6866.jpg,w_1452.jpg,w_2660.jpg,w_8878.jpg,w_5838.jpg,w_7537.jpg"
whale_78628,"w_7253.jpg,w_508.jpg,w_4085.jpg,w_705.jpg,w_8500.jpg,w_8787.jpg"
whale_78785,"w_1681.jpg,w_8762.jpg,w_7927.jpg,w_5729.jpg,w_8392.jpg,w_251.jpg,w_2596.jpg,w_3001.jpg,w_9221.jpg,w_6962.jpg,w_8303.jpg,w_1250.jpg"
whale_79166,"w_416.jpg,w_560.jpg,w_5991.jpg,w_8454.jpg,w_9143.jpg,w_2895.jpg,w_3396.jpg,w_200.jpg,w_9017.jpg,w_3667.jpg,w_1384.jpg,w_6278.jpg"
whale_79193,"w_3024.jpg,w_9075.jpg,w_8263.jpg,w_2154.jpg,w_4998.jpg,w_7919.jpg,w_8815.jpg"
whale_79199,"w_915.jpg,w_5885.jpg,w_7945.jpg,w_4918.jpg,w_4544.jpg,w_8103.jpg,w_2642.jpg,w_7497.jpg,w_6838.jpg,w_8548.jpg,w_4748.jpg,w_3090.jpg,w_2803.jpg,w_9160.jpg,w_8987.jpg,w_974.jpg,w_2032.jpg,w_7503.jpg"
whale_79439,"w_5587.jpg,w_5177.jpg,w_3010.jpg,w_9333.jpg,w_3094.jpg,w_3314.jpg,w_3877.jpg,w_7723.jpg"
whale_79648,"w_4758.jpg,w_6030.jpg,w_8008.jpg,w_7287.jpg,w_5635.jpg,w_9424.jpg"
whale_79823,"w_3415.jpg,w_4134.jpg,w_2717.jpg,w_6288.jpg,w_651.jpg,w_9125.jpg,w_5221.jpg,w_8429.jpg,w_3287.jpg,w_4154.jpg,w_216.jpg,w_376.jpg,w_9267.jpg,w_2307.jpg,w_6320.jpg,w_2283.jpg,w_5582.jpg,w_5005.jpg,w_5790.jpg,w_9054.jpg,w_3563.jpg,w_6520.jpg,w_1711.jpg"
whale_79948,"w_9456.jpg,w_670.jpg,w_6459.jpg"
whale_80124,"w_9298.jpg,w_3382.jpg"
whale_80247,"w_3779.jpg,w_8281.jpg,w_1603.jpg,w_7501.jpg,w_952.jpg,w_1210.jpg,w_288.jpg,w_5526.jpg,w_8403.jpg,w_4868.jpg,w_3398.jpg,w_5895.jpg,w_5302.jpg,w_7918.jpg,w_8897.jpg,w_7715.jpg,w_9011.jpg"
whale_80405,"w_1308.jpg,w_584.jpg,w_4183.jpg,w_6266.jpg,w_2278.jpg,w_3869.jpg,w_2002.jpg,w_3421.jpg,w_7415.jpg,w_2699.jpg,w_9184.jpg"
whale_80947,"w_7097.jpg,w_7271.jpg,w_6486.jpg,w_3629.jpg,w_6331.jpg,w_5715.jpg,w_4615.jpg,w_3690.jpg,w_6348.jpg,w_4281.jpg,w_5682.jpg,w_7108.jpg"
whale_81136,"w_876.jpg,w_8039.jpg,w_8028.jpg,w_9064.jpg,w_6939.jpg,w_3054.jpg,w_4542.jpg,w_3448.jpg,w_6279.jpg,w_9038.jpg,w_2813.jpg,w_5255.jpg,w_7891.jpg"
whale_81768,"w_6622.jpg,w_3512.jpg,w_5782.jpg,w_3232.jpg,w_653.jpg,w_4324.jpg,w_6137.jpg,w_1029.jpg,w_2139.jpg,w_6751.jpg,w_570.jpg,w_3941.jpg,w_4776.jpg,w_5860.jpg,w_7521.jpg"
whale_81818,"w_2935.jpg,w_3420.jpg,w_5369.jpg,w_2627.jpg,w_4837.jpg,w_1050.jpg"
whale_81875,"w_869.jpg,w_7392.jpg,w_5051.jpg,w_323.jpg,w_1529.jpg,w_8198.jpg,w_6217.jpg,w_68.jpg,w_4363.jpg,w_1136.jpg,w_7962.jpg,w_5780.jpg,w_8086.jpg,w_407.jpg,w_6118.jpg"
whale_81915,w_5471.jpg
whale_81960,"w_5327.jpg,w_7513.jpg,w_3192.jpg,w_5430.jpg,w_7103.jpg,w_5448.jpg,w_5275.jpg,w_8496.jpg,w_1234.jpg"
whale_82064,"w_4277.jpg,w_888.jpg,w_5536.jpg,w_3810.jpg,w_7502.jpg,w_6053.jpg,w_1054.jpg,w_8947.jpg,w_4087.jpg"
whale_82089,"w_5805.jpg,w_3455.jpg,w_1713.jpg,w_5196.jpg,w_1491.jpg,w_674.jpg,w_6802.jpg,w_1040.jpg,w_3434.jpg,w_2223.jpg,w_3679.jpg,w_8080.jpg,w_5918.jpg,w_6806.jpg,w_3216.jpg,w_5748.jpg"
whale_82387,"w_1026.jpg,w_7873.jpg,w_1033.jpg,w_1853.jpg,w_2706.jpg,w_3713.jpg,w_606.jpg,w_3294.jpg,w_32.jpg,w_1887.jpg,w_1242.jpg,w_2296.jpg,w_854.jpg,w_9414.jpg"
whale_82548,"w_5075.jpg,w_6052.jpg,w_4058.jpg,w_6228.jpg,w_8248.jpg,w_5100.jpg,w_8344.jpg,w_7711.jpg,w_1934.jpg,w_2671.jpg,w_790.jpg,w_902.jpg,w_3098.jpg,w_5487.jpg,w_7117.jpg,w_230.jpg,w_369.jpg,w_4604.jpg,w_8668.jpg"
whale_82554,"w_4256.jpg,w_132.jpg,w_3351.jpg,w_6588.jpg,w_3579.jpg,w_8066.jpg,w_7012.jpg,w_4004.jpg,w_5592.jpg,w_6342.jpg,w_7846.jpg,w_853.jpg,w_5119.jpg,w_130.jpg,w_2882.jpg"
whale_82602,"w_3406.jpg,w_717.jpg,w_2109.jpg,w_4562.jpg,w_7752.jpg,w_5757.jpg,w_5970.jpg,w_2557.jpg,w_6412.jpg,w_7438.jpg,w_9377.jpg,w_4864.jpg"
whale_83157,"w_6131.jpg,w_7804.jpg"
whale_83791,"w_6303.jpg,w_1245.jpg,w_8613.jpg,w_7930.jpg,w_7550.jpg,w_5189.jpg,w_7777.jpg,w_8624.jpg"
whale_83892,"w_2212.jpg,w_7875.jpg,w_2606.jpg,w_5308.jpg,w_9151.jpg,w_1263.jpg,w_9053.jpg,w_7042.jpg,w_7466.jpg,w_5903.jpg,w_8436.jpg,w_1825.jpg,w_783.jpg,w_1124.jpg,w_2067.jpg,w_2573.jpg,w_3885.jpg,w_2905.jpg"
whale_84178,"w_536.jpg,w_9047.jpg,w_1983.jpg,w_6449.jpg,w_4354.jpg,w_3126.jpg,w_8224.jpg,w_6881.jpg,w_7339.jpg,w_6013.jpg,w_6414.jpg,w_9227.jpg,w_8042.jpg,w_7982.jpg"
whale_84264,"w_5888.jpg,w_6572.jpg,w_1730.jpg,w_3833.jpg,w_7511.jpg,w_683.jpg,w_1520.jpg,w_1964.jpg,w_3183.jpg,w_8495.jpg"
whale_84963,"w_4463.jpg,w_3176.jpg,w_8406.jpg,w_5499.jpg,w_8845.jpg,w_6554.jpg,w_7914.jpg,w_7860.jpg,w_5212.jpg,w_3441.jpg,w_1620.jpg,w_7498.jpg,w_22.jpg"
whale_85464,"w_2322.jpg,w_1619.jpg,w_2877.jpg,w_402.jpg,w_9401.jpg,w_8721.jpg,w_5773.jpg,w_1249.jpg,w_4294.jpg,w_3333.jpg,w_8151.jpg,w_3034.jpg,w_38.jpg,w_7699.jpg,w_7238.jpg,w_2894.jpg,w_124.jpg,w_60.jpg,w_874.jpg,w_384.jpg,w_2621.jpg,w_3546.jpg,w_4057.jpg,w_6296.jpg,w_6440.jpg,w_6865.jpg,w_9304.jpg,w_9342.jpg"
whale_85670,"w_4261.jpg,w_8140.jpg,w_1705.jpg,w_5630.jpg,w_6072.jpg,w_2875.jpg,w_1908.jpg,w_1129.jpg,w_2499.jpg,w_7355.jpg"
whale_86041,"w_6511.jpg,w_3385.jpg,w_1348.jpg,w_6624.jpg,w_7548.jpg,w_7612.jpg,w_2948.jpg,w_8948.jpg,w_4243.jpg,w_8712.jpg,w_3840.jpg"
whale_86081,w_7464.jpg
whale_86158,"w_6736.jpg,w_9133.jpg,w_3874.jpg,w_5457.jpg,w_3676.jpg,w_498.jpg,w_2984.jpg,w_7029.jpg,w_6669.jpg,w_6614.jpg"
whale_86206,"w_5129.jpg,w_7790.jpg,w_690.jpg,w_936.jpg,w_5498.jpg,w_2799.jpg,w_3479.jpg,w_688.jpg,w_1612.jpg"
whale_86377,"w_5775.jpg,w_284.jpg,w_3516.jpg,w_4309.jpg,w_5425.jpg,w_1390.jpg,w_116.jpg,w_8105.jpg,w_3630.jpg,w_3533.jpg,w_5263.jpg,w_6311.jpg,w_8306.jpg,w_8572.jpg"
whale_86527,"w_9049.jpg,w_2199.jpg,w_6834.jpg,w_1016.jpg,w_2944.jpg,w_5879.jpg,w_6926.jpg,w_1737.jpg,w_4883.jpg,w_3487.jpg,w_9281.jpg"
whale_86585,"w_579.jpg,w_6340.jpg,w_6598.jpg,w_7222.jpg,w_5188.jpg,w_9044.jpg,w_3940.jpg,w_1842.jpg,w_2524.jpg,w_2538.jpg,w_394.jpg,w_4444.jpg,w_7404.jpg,w_2668.jpg"
whale_87155,"w_3807.jpg,w_8970.jpg,w_2405.jpg,w_2131.jpg,w_5535.jpg,w_2120.jpg,w_399.jpg,w_1105.jpg,w_8440.jpg,w_63.jpg,w_4065.jpg,w_8355.jpg,w_6302.jpg,w_861.jpg,w_6748.jpg,w_6864.jpg"
whale_87291,"w_5624.jpg,w_2133.jpg,w_1953.jpg,w_6394.jpg,w_9001.jpg,w_3878.jpg,w_9008.jpg,w_4389.jpg,w_7551.jpg,w_165.jpg,w_6551.jpg,w_3884.jpg,w_1232.jpg,w_8835.jpg,w_4270.jpg,w_2527.jpg,w_4702.jpg,w_7018.jpg,w_7446.jpg,w_2718.jpg,w_3030.jpg,w_7674.jpg"
whale_87420,"w_762.jpg,w_3112.jpg"
whale_87604,"w_8556.jpg,w_6818.jpg,w_6947.jpg,w_7652.jpg,w_7202.jpg,w_3106.jpg,w_3521.jpg,w_2441.jpg,w_3664.jpg,w_3511.jpg,w_2344.jpg,w_6733.jpg,w_5008.jpg,w_2571.jpg,w_2431.jpg,w_5731.jpg,w_3140.jpg,w_1945.jpg,w_3193.jpg,w_6717.jpg,w_7885.jpg"
whale_87622,"w_4435.jpg,w_8719.jpg,w_5915.jpg,w_2531.jpg,w_599.jpg,w_2903.jpg,w_8321.jpg,w_8315.jpg"
whale_88085,w_73.jpg
whale_88147,"w_3974.jpg,w_5770.jpg,w_8347.jpg,w_2251.jpg,w_2788.jpg,w_4517.jpg,w_5786.jpg,w_6571.jpg,w_6250.jpg,w_3451.jpg"
whale_88226,w_7758.jpg
whale_88432,w_5445.jpg
whale_88478,"w_7232.jpg,w_1562.jpg,w_3678.jpg,w_8775.jpg,w_2155.jpg,w_150.jpg"
whale_88547,"w_8421.jpg,w_4771.jpg,w_3790.jpg,w_9024.jpg,w_5276.jpg,w_8130.jpg,w_6533.jpg,w_2455.jpg,w_8703.jpg,w_1409.jpg,w_2433.jpg,w_4859.jpg,w_559.jpg,w_4743.jpg"
whale_88746,"w_7843.jpg,w_1807.jpg,w_7646.jpg,w_49.jpg,w_321.jpg"
whale_88756,"w_4237.jpg,w_1175.jpg,w_5432.jpg,w_763.jpg"
whale_89211,"w_7516.jpg,w_9435.jpg,w_1932.jpg,w_3655.jpg,w_6480.jpg,w_2732.jpg,w_6715.jpg,w_7065.jpg,w_7745.jpg,w_4945.jpg"
whale_89271,w_2755.jpg
whale_89456,"w_2595.jpg,w_1518.jpg,w_2955.jpg,w_4528.jpg,w_1584.jpg,w_7390.jpg,w_3115.jpg,w_3843.jpg,w_8267.jpg,w_2960.jpg,w_5831.jpg,w_8298.jpg"
whale_89541,"w_5102.jpg,w_8724.jpg,w_8175.jpg,w_5977.jpg,w_3078.jpg,w_6483.jpg,w_162.jpg,w_1338.jpg"
whale_89615,"w_735.jpg,w_9465.jpg,w_4672.jpg,w_8877.jpg,w_5337.jpg,w_7749.jpg,w_2862.jpg,w_1587.jpg,w_1225.jpg,w_3853.jpg,w_1118.jpg,w_3938.jpg,w_3942.jpg,w_8859.jpg,w_1522.jpg,w_852.jpg,w_4470.jpg,w_6964.jpg,w_712.jpg,w_7542.jpg,w_6246.jpg,w_3671.jpg,w_8563.jpg,w_9471.jpg"
whale_90141,"w_4458.jpg,w_617.jpg"
whale_90244,"w_1068.jpg,w_4217.jpg,w_1799.jpg,w_3045.jpg,w_1095.jpg,w_1615.jpg,w_5127.jpg,w_2855.jpg,w_3550.jpg,w_3992.jpg,w_1294.jpg,w_2686.jpg,w_7825.jpg"
whale_90271,"w_3506.jpg,w_6991.jpg,w_5318.jpg,w_1530.jpg,w_5739.jpg,w_3093.jpg,w_3209.jpg,w_5781.jpg,w_644.jpg,w_4788.jpg,w_3422.jpg,w_8717.jpg,w_919.jpg,w_8048.jpg"
whale_90377,"w_2070.jpg,w_5452.jpg,w_4176.jpg,w_1145.jpg,w_6476.jpg,w_5789.jpg,w_6090.jpg"
whale_90446,"w_5427.jpg,w_9344.jpg,w_7879.jpg,w_7533.jpg"
whale_90820,"w_1115.jpg,w_1683.jpg,w_1377.jpg,w_6210.jpg,w_1834.jpg,w_75.jpg,w_386.jpg,w_3631.jpg,w_121.jpg,w_8991.jpg,w_3156.jpg,w_7379.jpg,w_2011.jpg"
whale_90911,"w_3494.jpg,w_6044.jpg,w_6002.jpg,w_2701.jpg,w_6156.jpg,w_2376.jpg,w_3780.jpg,w_5348.jpg,w_411.jpg,w_3086.jpg,w_1236.jpg,w_4342.jpg,w_6224.jpg,w_5997.jpg,w_5144.jpg,w_4070.jpg,w_7855.jpg,w_327.jpg,w_1941.jpg"
whale_90929,"w_3239.jpg,w_8953.jpg"
whale_90957,"w_1636.jpg,w_403.jpg,w_8118.jpg,w_6431.jpg,w_3364.jpg,w_636.jpg,w_9402.jpg,w_3296.jpg,w_2247.jpg,w_6702.jpg,w_6189.jpg,w_3389.jpg,w_2419.jpg,w_9058.jpg,w_4452.jpg,w_7558.jpg,w_9339.jpg,w_5202.jpg,w_3768.jpg,w_9343.jpg,w_1196.jpg,w_7090.jpg,w_7389.jpg,w_249.jpg,w_4592.jpg,w_1832.jpg,w_3204.jpg,w_3718.jpg,w_6383.jpg,w_6552.jpg"
whale_90966,w_5493.jpg
whale_91826,"w_3627.jpg,w_2664.jpg,w_2255.jpg,w_6855.jpg,w_8292.jpg,w_8758.jpg,w_2225.jpg,w_6655.jpg,w_4468.jpg"
whale_92153,"w_1266.jpg,w_5722.jpg,w_7638.jpg,w_1268.jpg,w_4566.jpg,w_9446.jpg,w_5435.jpg,w_3246.jpg,w_4427.jpg,w_4079.jpg,w_4327.jpg,w_2952.jpg,w_3208.jpg,w_4175.jpg,w_7313.jpg,w_7704.jpg,w_8502.jpg,w_8562.jpg"
whale_92465,"w_4889.jpg,w_5259.jpg,w_823.jpg,w_5793.jpg"
whale_92515,"w_4450.jpg,w_8477.jpg,w_3670.jpg,w_311.jpg"
whale_92686,"w_7237.jpg,w_4587.jpg,w_7349.jpg,w_3913.jpg,w_8481.jpg,w_9142.jpg"
whale_94176,"w_6563.jpg,w_4727.jpg,w_4053.jpg,w_1760.jpg,w_2277.jpg,w_8236.jpg"
whale_94546,"w_8143.jpg,w_8909.jpg,w_2705.jpg,w_6490.jpg,w_7883.jpg,w_2818.jpg,w_4177.jpg,w_8314.jpg,w_3472.jpg,w_9292.jpg,w_6158.jpg,w_2760.jpg,w_3617.jpg,w_2702.jpg,w_1951.jpg,w_6601.jpg"
whale_95091,"w_1323.jpg,w_7394.jpg,w_7263.jpg,w_2481.jpg,w_8627.jpg,w_4983.jpg,w_1517.jpg,w_614.jpg,w_751.jpg,w_2643.jpg,w_2630.jpg,w_4429.jpg,w_2758.jpg,w_6395.jpg,w_920.jpg,w_5130.jpg,w_2637.jpg,w_6355.jpg,w_7045.jpg,w_3038.jpg,w_7257.jpg,w_8886.jpg,w_9010.jpg"
whale_95370,"w_4895.jpg,w_1568.jpg,w_5839.jpg,w_2494.jpg,w_3051.jpg,w_2036.jpg,w_1275.jpg,w_3355.jpg,w_1563.jpg,w_8996.jpg,w_6009.jpg,w_2197.jpg,w_9295.jpg,w_7525.jpg,w_7910.jpg,w_8788.jpg,w_7067.jpg,w_7833.jpg,w_5489.jpg,w_5350.jpg,w_3187.jpg,w_1972.jpg,w_1546.jpg,w_3837.jpg,w_8856.jpg,w_6924.jpg,w_3076.jpg,w_5942.jpg,w_1357.jpg,w_643.jpg,w_581.jpg,w_918.jpg,w_1991.jpg,w_2090.jpg,w_2844.jpg,w_3085.jpg,w_3243.jpg,w_3964.jpg,w_4301.jpg,w_4575.jpg,w_4779.jpg,w_4866.jpg,w_4997.jpg,w_7112.jpg,w_7188.jpg,w_7317.jpg,w_8983.jpg"
whale_95831,"w_69.jpg,w_5410.jpg,w_9050.jpg,w_6019.jpg,w_2505.jpg,w_3910.jpg,w_5509.jpg,w_3675.jpg"
whale_96240,"w_4919.jpg,w_1812.jpg,w_4856.jpg,w_6159.jpg,w_1716.jpg"
whale_96385,"w_7828.jpg,w_8646.jpg,w_655.jpg,w_4483.jpg,w_8259.jpg,w_5324.jpg,w_6988.jpg,w_2240.jpg,w_3025.jpg"
whale_97440,"w_8600.jpg,w_5882.jpg"
whale_97542,"w_1273.jpg,w_3141.jpg,w_8201.jpg,w_4845.jpg,w_1816.jpg,w_3365.jpg"
whale_97688,"w_2545.jpg,w_4757.jpg,w_647.jpg,w_8485.jpg,w_5195.jpg,w_9093.jpg,w_740.jpg,w_3697.jpg,w_3544.jpg,w_2220.jpg,w_3032.jpg,w_4987.jpg,w_1330.jpg,w_3271.jpg,w_496.jpg"
whale_97882,"w_7462.jpg,w_2020.jpg,w_2404.jpg,w_8380.jpg"
whale_97924,"w_984.jpg,w_2842.jpg,w_6450.jpg"
whale_98151,"w_2742.jpg,w_6891.jpg,w_1079.jpg,w_3683.jpg,w_3719.jpg,w_3473.jpg,w_5829.jpg,w_7779.jpg,w_6154.jpg,w_7556.jpg,w_4811.jpg,w_4160.jpg,w_4126.jpg,w_3454.jpg"
whale_98507,"w_1373.jpg,w_2881.jpg,w_5599.jpg,w_629.jpg,w_4399.jpg,w_7561.jpg"
whale_98618,"w_7002.jpg,w_1719.jpg,w_1998.jpg,w_5288.jpg,w_208.jpg,w_47.jpg,w_6343.jpg,w_40.jpg,w_8472.jpg"
whale_98633,"w_2743.jpg,w_908.jpg,w_7085.jpg,w_698.jpg,w_1621.jpg,w_4708.jpg,w_8894.jpg,w_5169.jpg,w_8003.jpg"
whale_98645,"w_2469.jpg,w_1888.jpg,w_8177.jpg,w_6852.jpg,w_2089.jpg,w_8353.jpg,w_1890.jpg,w_7450.jpg,w_2069.jpg,w_7224.jpg,w_3725.jpg,w_4677.jpg,w_7356.jpg,w_7372.jpg,w_9057.jpg"
whale_98746,"w_8484.jpg,w_8425.jpg,w_8601.jpg,w_5495.jpg,w_3518.jpg,w_287.jpg,w_417.jpg,w_1754.jpg,w_2715.jpg,w_3850.jpg,w_3880.jpg,w_4797.jpg,w_5040.jpg,w_5822.jpg,w_6636.jpg,w_8420.jpg,w_9191.jpg"
whale_98939,"w_6707.jpg,w_8060.jpg,w_1777.jpg,w_8051.jpg,w_9132.jpg,w_2995.jpg,w_6704.jpg"
whale_98996,"w_1654.jpg,w_3368.jpg,w_5093.jpg,w_5660.jpg,w_437.jpg,w_6232.jpg,w_9434.jpg"
whale_99243,"w_4476.jpg,w_3624.jpg,w_3483.jpg,w_9418.jpg,w_1667.jpg,w_6794.jpg,w_797.jpg"
whale_99326,"w_3793.jpg,w_5178.jpg,w_7154.jpg,w_4810.jpg,w_2096.jpg,w_5200.jpg"
whale_99558,"w_3251.jpg,w_2868.jpg,w_3587.jpg,w_3177.jpg,w_3742.jpg,w_1300.jpg,w_4849.jpg,w_7444.jpg,w_2809.jpg,w_3263.jpg,w_4682.jpg,w_5491.jpg,w_5874.jpg,w_6135.jpg,w_6251.jpg"
whale_99573,"w_4664.jpg,w_8956.jpg,w_7425.jpg,w_646.jpg,w_4530.jpg,w_2234.jpg,w_3996.jpg,w_9393.jpg,w_7123.jpg,w_4947.jpg"
